release_time,title,event_family,catalyst_category,country,source,calendar_id,unit,scale,previous,forecast,actual,previous_value,forecast_value,actual_value,surprise,surprise_basis,surprise_side,raw_surprise_side,market_bias_side,market_bias_label,market_bias_score,market_rule_direction,market_rule_confidence,market_rule_note,event_cluster_id,event_count,is_event_cluster,cluster_titles,cluster_event_families,cluster_categories,cluster_surprise_sides,cluster_market_bias_sides,cluster_surprise_summary,primary_title,primary_event_family,primary_catalyst_category,symbol,reaction_mode,market_session,pre_price,window_label,return_5m_pts,return_5m_pct,mfe_5m_pts,mfe_5m_pct,mae_5m_pts,mae_5m_pct,return_15m_pts,return_15m_pct,mfe_15m_pts,mfe_15m_pct,mae_15m_pts,mae_15m_pct,return_30m_pts,return_30m_pct,mfe_30m_pts,mfe_30m_pct,mae_30m_pts,mae_30m_pct,return_60m_pts,return_60m_pct,mfe_60m_pts,mfe_60m_pct,mae_60m_pts,mae_60m_pct,return_390m_pts,return_390m_pct,mfe_390m_pts,mfe_390m_pct,mae_390m_pts,mae_390m_pct,reaction_return_pts,reaction_return_pct,mfe_pts,mfe_pct,mae_pts,mae_pct
2026-04-06 14:00:00,ISM N-Mfg PMI,ism_pmi,growth,US,ISM,16716098 2026-04-06 14:00:00 +0000 UTC ISM N-Mfg PMI United States-ISM - non man-ISM N-Mfg PMI,Index,,56.1,54.9,54,56.1,54.9,54.0,-0.8999999999999986,actual_vs_forecast,negative,negative,market_negative,bearish,-0.7,cluster_weighted,0.7,Cluster-level market bias from simultaneous releases.,20260406T140000,1,False,ISM N-Mfg PMI,ism_pmi,growth,negative,market_negative,ISM N-Mfg PMI: -0.8999999999999986 (actual_vs_forecast),ISM N-Mfg PMI,ism_pmi,growth,NQ,intraday,2026-04-06,24292.0,60m,24.25,0.09982710357319283,27.25,0.11217684834513421,-20.5,-0.0843899226082661,76.75,0.315947637082167,85.25,0.3509385806026675,-20.5,-0.0843899226082661,73.5,0.3025687469125638,99.25,0.40857072287172735,-20.5,-0.0843899226082661,23.25,0.09571052198254569,99.25,0.40857072287172735,-29.75,-0.12246830232175202,55.5,0.2284702782809155,99.25,0.40857072287172735,-89.25,-0.3674049069652561,23.25,0.09571052198254569,99.25,0.40857072287172735,-29.75,-0.12246830232175202
2026-04-09 12:30:00,GDP Cons Spending Final | GDP Final | Initial Jobless Clm *,jobless_claims,labor,US,Dept of Labor,16601471 2026-04-09 12:30:00 +0000 UTC Initial Jobless Clm * United States-Jobless-Initial Jobless Clm *,Person,K,203K,210K,219K,203000.0,210000.0,219000.0,9000.0,actual_vs_forecast,mixed,mixed,market_negative,bearish,-0.7,cluster_weighted,0.7,Cluster-level market bias from simultaneous releases.,20260409T123000,3,True,GDP Cons Spending Final | GDP Final | Initial Jobless Clm *,"gdp,jobless_claims","growth,labor","negative,positive",market_negative,GDP Cons Spending Final: -1.6 (actual_vs_previous) | GDP Final: -0.19999999999999996 (actual_vs_forecast) | Initial Jobless Clm *: 9000.0 (actual_vs_forecast),Initial Jobless Clm *,jobless_claims,labor,NQ,intraday,2026-04-09,25026.75,60m,3.25,0.012986104867791464,18.0,0.07192304234469118,-3.25,-0.012986104867791464,11.75,0.04694976375278452,36.75,0.14684287812041116,-4.75,-0.01897969172984906,16.75,0.06692838662630984,36.75,0.14684287812041116,-5.25,-0.020977554017201593,1.25,0.0049946557183813325,76.75,0.3066718611086138,-7.75,-0.030966865453964258,179.5,0.7172325611595592,239.0,0.9549781733545106,-66.25,-0.2647167530742106,1.25,0.0049946557183813325,76.75,0.3066718611086138,-7.75,-0.030966865453964258
2026-04-10 12:30:00,"CPI MM, SA | CPI YY, NSA | Core CPI MM, SA | Core CPI YY, NSA",core_cpi,inflation,US,BLS,"16607379 2026-04-10 12:30:00 +0000 UTC Core CPI MM, SA United States-CPI-Core CPI MM, SA",%,,0.2%,0.3%,0.2%,0.2,0.3,0.2,-0.09999999999999998,actual_vs_forecast,negative,negative,market_positive,bullish,0.5,cluster_weighted,1.0,Cluster-level market bias from simultaneous releases.,20260410T123000,4,True,"CPI MM, SA | CPI YY, NSA | Core CPI MM, SA | Core CPI YY, NSA","cpi,core_cpi",inflation,"flat,negative","market_neutral,market_positive","CPI MM, SA: 0.0 (actual_vs_forecast) | CPI YY, NSA: 0.0 (actual_vs_forecast) | Core CPI MM, SA: -0.09999999999999998 (actual_vs_forecast) | Core CPI YY, NSA: -0.10000000000000009 (actual_vs_forecast)","Core CPI MM, SA",core_cpi,inflation,NQ,intraday,2026-04-10,25298.75,60m,13.75,0.054350511388902616,13.75,0.054350511388902616,-7.0,-0.027669351252532243,20.75,0.08201986264143485,21.25,0.08399624487375858,-7.0,-0.027669351252532243,4.5,0.01778744009091358,27.75,0.10968921389396709,-7.0,-0.027669351252532243,37.25,0.14724047630811798,70.5,0.2786698947576461,-7.0,-0.027669351252532243,-25.25,-0.09980730273234843,94.25,0.3725480507930234,-76.5,-0.3023864815455309,37.25,0.14724047630811798,70.5,0.2786698947576461,-7.0,-0.027669351252532243
2026-04-13 14:00:00,Existing Home Sales,home_sales,growth,US,NAR,16588352 2026-04-13 14:00:00 +0000 UTC Existing Home Sales United States-Existing Homes-Existing Home Sales,Number of,M,4.13M,4.06M,3.98M,4130000.0,4059999.9999999995,3980000.0,-79999.99999999953,actual_vs_forecast,negative,negative,market_negative,bearish,-0.7,cluster_weighted,0.7,Cluster-level market bias from simultaneous releases.,20260413T140000,1,False,Existing Home Sales,home_sales,growth,negative,market_negative,Existing Home Sales: -79999.99999999953 (actual_vs_forecast),Existing Home Sales,home_sales,growth,NQ,intraday,2026-04-13,25316.5,60m,-6.5,-0.025674955068828626,16.5,0.0651748859439496,-15.75,-0.06221239112831553,-43.75,-0.17281219757865424,16.5,0.0651748859439496,-64.5,-0.2547745541445302,-12.0,-0.047399917050145166,16.5,0.0651748859439496,-71.0,-0.28044950921335887,-6.75,-0.026662453340706653,44.25,0.17478719412241028,-71.0,-0.28044950921335887,249.0,0.9835482787905121,251.75,0.9944107597811703,-71.0,-0.28044950921335887,-6.75,-0.026662453340706653,44.25,0.17478719412241028,-71.0,-0.28044950921335887
2026-04-16 12:30:00,Initial Jobless Clm *,jobless_claims,labor,US,Dept of Labor,16601472 2026-04-16 12:30:00 +0000 UTC Initial Jobless Clm * United States-Jobless-Initial Jobless Clm *,Person,K,218K,215K,207K,218000.0,215000.0,207000.0,-8000.0,actual_vs_forecast,negative,negative,market_positive,bullish,0.7,cluster_weighted,0.7,Cluster-level market bias from simultaneous releases.,20260416T123000,1,False,Initial Jobless Clm *,jobless_claims,labor,negative,market_positive,Initial Jobless Clm *: -8000.0 (actual_vs_forecast),Initial Jobless Clm *,jobless_claims,labor,NQ,intraday,2026-04-16,26428.75,60m,-15.5,-0.05864825237667313,3.75,0.014189093316937048,-24.0,-0.0908101972283971,-20.25,-0.07662110391146006,3.75,0.014189093316937048,-24.5,-0.09270207633732204,-10.25,-0.03878352173296126,3.75,0.014189093316937048,-36.0,-0.13621529584259565,-34.75,-0.13148559807028332,24.5,0.09270207633732204,-61.0,-0.23080925128884264,27.5,0.10405335099087168,135.25,0.5117532989641962,-153.25,-0.5798609468854939,-34.75,-0.13148559807028332,24.5,0.09270207633732204,-61.0,-0.23080925128884264
2026-04-21 12:30:00,Retail Sales MM,retail_sales,growth,US,Dept of Commerce,16708441 2026-04-21 12:30:00 +0000 UTC Retail Sales MM United States-Retail Sales-Retail Sales MM,%,,0.7%,1.4%,1.7%,0.7,1.4,1.7,0.30000000000000004,actual_vs_forecast,positive,positive,market_positive,bullish,0.7,cluster_weighted,0.7,Cluster-level market bias from simultaneous releases.,20260421T123000,1,False,Retail Sales MM,retail_sales,growth,positive,market_positive,Retail Sales MM: 0.30000000000000004 (actual_vs_forecast),Retail Sales MM,retail_sales,growth,NQ,intraday,2026-04-21,26867.0,60m,-35.5,-0.13213235567796924,3.5,0.013027133658391336,-42.75,-0.15911713254177987,-45.5,-0.16935273755908736,3.5,0.013027133658391336,-50.0,-0.1861019094055905,-54.25,-0.20192057170506567,3.5,0.013027133658391336,-56.75,-0.21122566717534522,-108.0,-0.40198012431607544,3.5,0.013027133658391336,-129.25,-0.48107343581345147,-128.5,-0.4782819071723676,18.25,0.06792719693304053,-267.0,-0.9937841962258532,-108.0,-0.40198012431607544,3.5,0.013027133658391336,-129.25,-0.48107343581345147
2026-04-23 12:30:00,Initial Jobless Clm *,jobless_claims,labor,US,Dept of Labor,16601473 2026-04-23 12:30:00 +0000 UTC Initial Jobless Clm * United States-Jobless-Initial Jobless Clm *,Person,K,208K,210K,214K,208000.0,210000.0,214000.0,4000.0,actual_vs_forecast,positive,positive,market_negative,bearish,-0.7,cluster_weighted,0.7,Cluster-level market bias from simultaneous releases.,20260423T123000,1,False,Initial Jobless Clm *,jobless_claims,labor,positive,market_negative,Initial Jobless Clm *: 4000.0 (actual_vs_forecast),Initial Jobless Clm *,jobless_claims,labor,NQ,intraday,2026-04-23,27037.75,60m,-1.25,-0.004623165758985123,5.0,0.018492663035940493,-13.5,-0.04993019019703933,-40.75,-0.150715203742915,5.25,0.019417296187737517,-81.0,-0.29958114118223594,-16.5,-0.061025788018603616,5.25,0.019417296187737517,-81.0,-0.29958114118223594,-33.5,-0.12390084234080129,5.25,0.019417296187737517,-81.0,-0.29958114118223594,-176.0,-0.6509417388651052,118.0,0.43642684764819556,-356.0,-1.3166776081589628,-33.5,-0.12390084234080129,5.25,0.019417296187737517,-81.0,-0.29958114118223594
2026-04-23 13:45:00,S&P Global Comp PMI Flash,ism_pmi,growth,US,Markit,16610480 2026-04-23 13:45:00 +0000 UTC S&P Global Comp PMI Flash United States-Composite PMI-S&P Global Comp PMI Flash,Index (diffusion),,51.4,50.5,52,51.4,50.5,52.0,1.5,actual_vs_forecast,positive,positive,market_positive,bullish,0.7,cluster_weighted,0.7,Cluster-level market bias from simultaneous releases.,20260423T134500,1,False,S&P Global Comp PMI Flash,ism_pmi,growth,positive,market_positive,S&P Global Comp PMI Flash: 1.5 (actual_vs_forecast),S&P Global Comp PMI Flash,ism_pmi,growth,NQ,intraday,2026-04-23,27080.0,60m,-22.25,-0.08216395864106352,1.75,0.006462333825701625,-35.25,-0.1301698670605613,-66.75,-0.24649187592319055,1.75,0.006462333825701625,-110.0,-0.40620384047267355,-89.75,-0.3314254062038405,1.75,0.006462333825701625,-110.0,-0.40620384047267355,-32.25,-0.11909158050221566,1.75,0.006462333825701625,-110.0,-0.40620384047267355,-135.75,-0.5012924667651403,75.75,0.27972673559822747,-398.25,-1.470642540620384,-32.25,-0.11909158050221566,1.75,0.006462333825701625,-110.0,-0.40620384047267355
2026-04-29 11:30:00,Building Permits: Number,other,other,US,Dept of Commerce,16755555 2026-04-29 11:30:00 +0000 UTC Building Permits: Number United States-House Starts-Building Permits: Number,Number of,M,1.376M,,1.538M,1376000.0,,1538000.0,162000.0,actual_vs_previous,positive,positive,market_neutral,neutral,0.0,cluster_weighted,0.0,Cluster-level market bias from simultaneous releases.,20260429T113000,1,False,Building Permits: Number,other,other,positive,market_unknown,Building Permits: Number: 162000.0 (actual_vs_previous),Building Permits: Number,other,other,NQ,intraday,2026-04-29,27260.5,60m,-1.25,-0.004585389116120394,24.5,0.08987362667595972,-2.0,-0.007336622585792631,-17.75,-0.0651125254489096,24.5,0.08987362667595972,-25.5,-0.09354193796885604,-24.25,-0.08895654885273564,24.5,0.08987362667595972,-29.75,-0.10913226096366536,-58.25,-0.21367913281121037,24.5,0.08987362667595972,-68.75,-0.25219640138662164,-57.75,-0.21184497716476222,55.0,0.20175712110929736,-136.25,-0.4998074136571229,-58.25,-0.21367913281121037,24.5,0.08987362667595972,-68.75,-0.25219640138662164
2026-04-29 12:30:00,Building Permits: Number,other,other,US,Dept of Commerce,16720267 2026-04-29 12:30:00 +0000 UTC Building Permits: Number United States-House Starts-Building Permits: Number,Number of,M,1.538M,1.39M,1.372M,1538000.0,1390000.0,1372000.0,-18000.0,actual_vs_forecast,negative,negative,market_neutral,neutral,0.0,cluster_weighted,0.0,Cluster-level market bias from simultaneous releases.,20260429T123000,1,False,Building Permits: Number,other,other,negative,market_unknown,Building Permits: Number: -18000.0 (actual_vs_forecast),Building Permits: Number,other,other,NQ,intraday,2026-04-29,27202.25,60m,28.5,0.10477074506704408,29.5,0.10844691156062457,-0.75,-0.002757124870185371,25.0,0.09190416233951236,45.75,0.1681846170813076,-0.75,-0.002757124870185371,33.5,0.12315157753494654,49.0,0.18013215818544423,-0.75,-0.002757124870185371,-55.25,-0.20310819877032232,49.0,0.18013215818544423,-70.0,-0.25733165455063456,82.5,0.3032837357203908,113.25,0.416325855397991,-78.0,-0.28674098649927854,-55.25,-0.20310819877032232,49.0,0.18013215818544423,-70.0,-0.25733165455063456
2026-04-30 12:30:00,Initial Jobless Clm *,jobless_claims,labor,US,Dept of Labor,16601474 2026-04-30 12:30:00 +0000 UTC Initial Jobless Clm * United States-Jobless-Initial Jobless Clm *,Person,K,215K,215K,189K,215000.0,215000.0,189000.0,-26000.0,actual_vs_forecast,negative,negative,market_positive,bullish,0.7,cluster_weighted,0.7,Cluster-level market bias from simultaneous releases.,20260430T123000,1,False,Initial Jobless Clm *,jobless_claims,labor,negative,market_positive,Initial Jobless Clm *: -26000.0 (actual_vs_forecast),Initial Jobless Clm *,jobless_claims,labor,NQ,intraday,2026-04-30,27498.5,60m,6.25,0.022728512464316238,8.75,0.03181991745004273,-9.25,-0.03363819844718803,4.0,0.014546247977162391,10.0,0.03636561994290598,-32.25,-0.11727912431587179,36.75,0.13364365329017946,41.5,0.1509173227630598,-32.25,-0.11727912431587179,-153.25,-0.5573031256250341,41.5,0.1509173227630598,-157.25,-0.5718493736021965,67.0,0.24364965361747004,93.25,0.33910940596759825,-335.25,-1.2191574085859227,-153.25,-0.5573031256250341,41.5,0.1509173227630598,-157.25,-0.5718493736021965
2026-05-01 14:00:00,ISM Manufacturing PMI,ism_pmi,growth,US,ISM,16500490 2026-05-01 14:00:00 +0000 UTC ISM Manufacturing PMI United States-ISM - man-ISM Manufacturing PMI,Index,,52.7,53,52.7,52.7,53.0,52.7,-0.29999999999999716,actual_vs_forecast,negative,negative,market_negative,bearish,-0.7,cluster_weighted,0.7,Cluster-level market bias from simultaneous releases.,20260501T140000,1,False,ISM Manufacturing PMI,ism_pmi,growth,negative,market_negative,ISM Manufacturing PMI: -0.29999999999999716 (actual_vs_forecast),ISM Manufacturing PMI,ism_pmi,growth,NQ,intraday,2026-05-01,27887.75,60m,-8.75,-0.03137578327401816,2.0,0.007171607605489866,-31.5,-0.11295281978646537,-9.75,-0.0349615870767631,21.5,0.07709478175901605,-31.5,-0.11295281978646537,-74.75,-0.2680388342551837,21.5,0.07709478175901605,-85.0,-0.30479332323331926,-92.5,-0.3316868517539063,21.5,0.07709478175901605,-136.75,-0.4903586700253696,-94.75,-0.3397549103100824,29.25,0.1048847612302893,-136.75,-0.4903586700253696,-92.5,-0.3316868517539063,21.5,0.07709478175901605,-136.75,-0.4903586700253696
2026-05-05 13:45:00,S&P Global Comp PMI Final,ism_pmi,growth,US,Markit,16507066 2026-05-05 13:45:00 +0000 UTC S&P Global Comp PMI Final United States-PMI-S&P Global Comp PMI Final,Index (diffusion),,50.3,,51.7,50.3,,51.7,1.4000000000000057,actual_vs_previous,positive,positive,market_positive,bullish,0.7,cluster_weighted,0.7,Cluster-level market bias from simultaneous releases.,20260505T134500,1,False,S&P Global Comp PMI Final,ism_pmi,growth,positive,market_positive,S&P Global Comp PMI Final: 1.4000000000000057 (actual_vs_previous),S&P Global Comp PMI Final,ism_pmi,growth,NQ,intraday,2026-05-05,28074.5,60m,-4.25,-0.015138292756772158,37.5,0.13357317138328376,-5.5,-0.01959073180288162,25.0,0.08904878092218918,37.5,0.13357317138328376,-15.75,-0.05610073198097918,-21.0,-0.0748009759746389,37.5,0.13357317138328376,-42.75,-0.1522734153769435,26.0,0.09261073215907674,64.75,0.23063634258846996,-42.75,-0.1522734153769435,92.25,0.3285900016028781,113.75,0.4051719531959607,-42.75,-0.1522734153769435,26.0,0.09261073215907674,64.75,0.23063634258846996,-42.75,-0.1522734153769435
2026-05-05 14:00:00,ISM N-Mfg PMI | JOLTS Job Openings,jolts_job_openings,labor,US,BLS,16683842 2026-05-05 14:00:00 +0000 UTC JOLTS Job Openings United States-Job Openings-JOLTS Job Openings,Person,M,6.922M,6.835M,6.866M,6922000.0,6835000.0,6866000.0,31000.0,actual_vs_forecast,mixed,mixed,market_negative,bearish,-0.6538461538461539,cluster_weighted,0.7,Cluster-level market bias from simultaneous releases.,20260505T140000,2,True,ISM N-Mfg PMI | JOLTS Job Openings,"ism_pmi,jolts_job_openings","growth,labor","negative,positive",market_negative,ISM N-Mfg PMI: -0.10000000000000142 (actual_vs_forecast) | JOLTS Job Openings: 31000.0 (actual_vs_forecast),JOLTS Job Openings,jolts_job_openings,labor,NQ,intraday,2026-05-05,28099.5,60m,1.5,0.005338173277104575,4.0,0.014235128738945535,-10.5,-0.037367212939732025,-46.0,-0.16370398049787363,9.75,0.03469812630117974,-67.75,-0.24110749301588996,26.75,0.09519742344169825,34.5,0.12277798537340523,-67.75,-0.24110749301588996,22.0,0.07829320806420043,39.75,0.14146159184327123,-67.75,-0.24110749301588996,127.25,0.45285503300770474,147.5,0.5249203722486165,-67.75,-0.24110749301588996,22.0,0.07829320806420043,39.75,0.14146159184327123,-67.75,-0.24110749301588996
2026-05-06 12:15:00,ADP National Employment,adp_employment,labor,US,ADP,16591355 2026-05-06 12:15:00 +0000 UTC ADP National Employment United States-ADP-ADP National Employment,Person,K,61K,99K,109K,61000.0,99000.0,109000.0,10000.0,actual_vs_forecast,positive,positive,market_negative,bearish,-0.6,cluster_weighted,0.6,Cluster-level market bias from simultaneous releases.,20260506T121500,1,False,ADP National Employment,adp_employment,labor,positive,market_negative,ADP National Employment: 10000.0 (actual_vs_forecast),ADP National Employment,adp_employment,labor,NQ,intraday,2026-05-06,28480.25,60m,19.5,0.06846850010094714,33.5,0.11762537196829381,-3.5,-0.012289217966836668,-4.25,-0.014922621816873096,33.5,0.11762537196829381,-15.25,-0.053545878284074054,-32.75,-0.11499196811825738,33.5,0.11762537196829381,-38.75,-0.13605919891854884,-80.0,-0.2808964106705524,33.5,0.11762537196829381,-88.25,-0.3098638530209531,158.25,0.5556482123576865,185.5,0.6513285522423434,-144.25,-0.5064913404903398,-80.0,-0.2808964106705524,33.5,0.11762537196829381,-88.25,-0.3098638530209531
2026-05-07 12:30:00,Initial Jobless Clm *,jobless_claims,labor,US,Dept of Labor,16601475 2026-05-07 12:30:00 +0000 UTC Initial Jobless Clm * United States-Jobless-Initial Jobless Clm *,Person,K,190K,205K,200K,190000.0,205000.0,200000.0,-5000.0,actual_vs_forecast,negative,negative,market_positive,bullish,0.7,cluster_weighted,0.7,Cluster-level market bias from simultaneous releases.,20260507T123000,1,False,Initial Jobless Clm *,jobless_claims,labor,negative,market_positive,Initial Jobless Clm *: -5000.0 (actual_vs_forecast),Initial Jobless Clm *,jobless_claims,labor,NQ,intraday,2026-05-07,28742.25,60m,14.75,0.051318181422818326,15.0,0.05218798110795084,0.5,0.0017395993702650281,15.0,0.05218798110795084,18.5,0.06436517669980603,0.5,0.0017395993702650281,-2.0,-0.006958397481060113,18.5,0.06436517669980603,-11.25,-0.03914098583096313,18.5,0.06436517669980603,27.25,0.09480816567944403,-21.5,-0.07480277292139621,-111.25,-0.3870608598839687,202.5,0.7045377449573363,-190.25,-0.6619175603858432,18.5,0.06436517669980603,27.25,0.09480816567944403,-21.5,-0.07480277292139621
2026-05-08 12:30:00,Non-Farm Payrolls | Unemployment Rate,nonfarm_payrolls,labor,US,BLS,16538776 2026-05-08 12:30:00 +0000 UTC Non-Farm Payrolls United States-Employment-Non-Farm Payrolls,Person,K,185K,62K,115K,185000.0,62000.0,115000.0,53000.0,actual_vs_forecast,positive,positive,market_negative,bearish,-0.37894736842105264,cluster_weighted,0.6,Cluster-level market bias from simultaneous releases.,20260508T123000,2,True,Non-Farm Payrolls | Unemployment Rate,"nonfarm_payrolls,unemployment_rate",labor,"positive,flat","market_negative,market_neutral",Non-Farm Payrolls: 53000.0 (actual_vs_forecast) | Unemployment Rate: 0.0 (actual_vs_forecast),Non-Farm Payrolls,nonfarm_payrolls,labor,NQ,intraday,2026-05-08,28934.75,60m,17.75,0.061344922627636314,39.25,0.13565004017660426,0.25,0.0008640129947554412,-2.75,-0.009504142942309852,41.25,0.14256214413464777,-5.0,-0.017280259895108823,-25.25,-0.08726531247029956,41.25,0.14256214413464777,-36.75,-0.12700991022904984,28.25,0.09763346840736485,41.25,0.14256214413464777,-75.25,-0.2600679114213878,330.75,1.1430891920614485,382.75,1.3228038949705803,-75.25,-0.2600679114213878,28.25,0.09763346840736485,41.25,0.14256214413464777,-75.25,-0.2600679114213878
2026-05-11 14:00:00,Existing Home Sales,home_sales,growth,US,NAR,16588353 2026-05-11 14:00:00 +0000 UTC Existing Home Sales United States-Existing Homes-Existing Home Sales,Number of,M,4.01M,4.05M,4.02M,4010000.0,4050000.0,4019999.9999999995,-30000.000000000466,actual_vs_forecast,negative,negative,market_negative,bearish,-0.7,cluster_weighted,0.7,Cluster-level market bias from simultaneous releases.,20260511T140000,1,False,Existing Home Sales,home_sales,growth,negative,market_negative,Existing Home Sales: -30000.000000000466 (actual_vs_forecast),Existing Home Sales,home_sales,growth,NQ,intraday,2026-05-11,29345.75,60m,29.5,0.10052562977603231,43.75,0.1490846204305564,-0.75,-0.0025557363502381096,62.0,0.21127420495301708,72.0,0.2453506896228585,-0.75,-0.0025557363502381096,-30.5,-0.10393327824301646,72.0,0.2453506896228585,-99.0,-0.33735719823143046,50.0,0.1703824233492073,72.0,0.2453506896228585,-99.0,-0.33735719823143046,61.25,0.20871846860277896,134.25,0.45747680669262164,-99.0,-0.33735719823143046,50.0,0.1703824233492073,72.0,0.2453506896228585,-99.0,-0.33735719823143046
2026-05-12 12:30:00,"CPI MM, SA | CPI YY, NSA | Core CPI MM, SA | Core CPI YY, NSA",core_cpi,inflation,US,BLS,"16607377 2026-05-12 12:30:00 +0000 UTC Core CPI MM, SA United States-CPI-Core CPI MM, SA",%,,0.2%,0.3%,0.4%,0.2,0.3,0.4,0.10000000000000003,actual_vs_forecast,positive,positive,market_negative,bearish,-0.75,cluster_weighted,1.0,Cluster-level market bias from simultaneous releases.,20260512T123000,4,True,"CPI MM, SA | CPI YY, NSA | Core CPI MM, SA | Core CPI YY, NSA","cpi,core_cpi",inflation,"flat,positive","market_neutral,market_negative","CPI MM, SA: 0.0 (actual_vs_forecast) | CPI YY, NSA: 0.09999999999999964 (actual_vs_forecast) | Core CPI MM, SA: 0.10000000000000003 (actual_vs_forecast) | Core CPI YY, NSA: 0.09999999999999964 (actual_vs_forecast)","Core CPI MM, SA",core_cpi,inflation,NQ,intraday,2026-05-12,29172.0,60m,46.75,0.16025641025641024,51.0,0.17482517482517482,-2.0,-0.006855889208830385,36.25,0.12426299191005073,56.75,0.1945358563005622,-2.0,-0.006855889208830385,40.0,0.13711778417660772,65.0,0.22281639928698754,-2.0,-0.006855889208830385,25.75,0.08826957356369121,65.0,0.22281639928698754,-26.25,-0.08998354586589881,-189.0,-0.6478815302344714,124.0,0.42506513094748394,-430.0,-1.474016179898533,25.75,0.08826957356369121,65.0,0.22281639928698754,-26.25,-0.08998354586589881
2026-05-14 12:30:00,Initial Jobless Clm * | Retail Sales MM,jobless_claims,labor,US,Dept of Labor,16601476 2026-05-14 12:30:00 +0000 UTC Initial Jobless Clm * United States-Jobless-Initial Jobless Clm *,Person,K,199K,205K,211K,199000.0,205000.0,211000.0,6000.0,actual_vs_forecast,positive,positive,market_negative,bearish,-0.35,cluster_weighted,0.7,Cluster-level market bias from simultaneous releases.,20260514T123000,2,True,Initial Jobless Clm * | Retail Sales MM,"jobless_claims,retail_sales","labor,growth","positive,flat","market_negative,market_neutral",Initial Jobless Clm *: 6000.0 (actual_vs_forecast) | Retail Sales MM: 0.0 (actual_vs_forecast),Initial Jobless Clm *,jobless_claims,labor,NQ,intraday,2026-05-14,29547.0,60m,-11.0,-0.03722882187700951,6.75,0.022844958879074017,-25.0,-0.08461095881138525,-22.5,-0.07614986293024673,6.75,0.022844958879074017,-40.75,-0.13791586286255797,-55.25,-0.1869902189731614,6.75,0.022844958879074017,-71.25,-0.24114123261244796,3.0,0.01015331505736623,6.75,0.022844958879074017,-98.75,-0.33421328730497174,174.25,0.5897383829153552,235.0,0.7953430128270214,-98.75,-0.33421328730497174,3.0,0.01015331505736623,6.75,0.022844958879074017,-98.75,-0.33421328730497174
2026-05-21 12:30:00,Building Permits: Number | Initial Jobless Clm *,jobless_claims,labor,US,Dept of Labor,16601477 2026-05-21 12:30:00 +0000 UTC Initial Jobless Clm * United States-Jobless-Initial Jobless Clm *,Person,K,212K,210K,209K,212000.0,210000.0,209000.0,-1000.0,actual_vs_forecast,mixed,mixed,market_positive,bullish,0.7,cluster_weighted,0.7,Cluster-level market bias from simultaneous releases.,20260521T123000,2,True,Building Permits: Number | Initial Jobless Clm *,"other,jobless_claims","other,labor","positive,negative","market_unknown,market_positive",Building Permits: Number: 57000.0 (actual_vs_forecast) | Initial Jobless Clm *: -1000.0 (actual_vs_forecast),Initial Jobless Clm *,jobless_claims,labor,NQ,intraday,2026-05-21,29280.25,60m,-18.5,-0.06318252064104644,1.25,0.004269089232503138,-48.0,-0.16393302652812047,-49.75,-0.16990975145362489,1.25,0.004269089232503138,-59.5,-0.20320864746714937,-48.25,-0.16478684437462113,1.25,0.004269089232503138,-94.75,-0.3235969638237378,-15.75,-0.053790524329539534,1.25,0.004269089232503138,-106.25,-0.3628725847627667,94.75,0.3235969638237378,273.75,0.9349305419181873,-153.25,-0.5233903399048847,-15.75,-0.053790524329539534,1.25,0.004269089232503138,-106.25,-0.3628725847627667
2026-05-21 13:45:00,S&P Global Comp PMI Flash,ism_pmi,growth,US,Markit,16522445 2026-05-21 13:45:00 +0000 UTC S&P Global Comp PMI Flash United States-Composite PMI-S&P Global Comp PMI Flash,Index (diffusion),,52,,51.7,52.0,,51.7,-0.29999999999999716,actual_vs_previous,negative,negative,market_negative,bearish,-0.7,cluster_weighted,0.7,Cluster-level market bias from simultaneous releases.,20260521T134500,1,False,S&P Global Comp PMI Flash,ism_pmi,growth,negative,market_negative,S&P Global Comp PMI Flash: -0.29999999999999716 (actual_vs_previous),S&P Global Comp PMI Flash,ism_pmi,growth,NQ,intraday,2026-05-21,29202.0,60m,92.5,0.3167591260872543,96.0,0.32874460653379906,-14.0,-0.04794192178617902,104.5,0.35785220190397915,138.0,0.47257037189233614,-14.0,-0.04794192178617902,-12.5,-0.04280528730908842,138.0,0.47257037189233614,-14.5,-0.049654133278542574,-3.0,-0.01027326895418122,138.0,0.47257037189233614,-75.0,-0.2568317238545305,247.75,0.8484007944661325,352.0,1.2053968906239299,-75.0,-0.2568317238545305,-3.0,-0.01027326895418122,138.0,0.47257037189233614,-75.0,-0.2568317238545305
2026-05-28 12:30:00,Initial Jobless Clm *,jobless_claims,labor,US,Dept of Labor,16601478 2026-05-28 12:30:00 +0000 UTC Initial Jobless Clm * United States-Jobless-Initial Jobless Clm *,Person,K,210K,211K,215K,210000.0,211000.0,215000.0,4000.0,actual_vs_forecast,positive,positive,market_negative,bearish,-0.7,cluster_weighted,0.7,Cluster-level market bias from simultaneous releases.,20260528T123000,1,False,Initial Jobless Clm *,jobless_claims,labor,positive,market_negative,Initial Jobless Clm *: 4000.0 (actual_vs_forecast),Initial Jobless Clm *,jobless_claims,labor,NQ,intraday,2026-05-28,29984.75,60m,25.5,0.08504323030874028,37.25,0.12422981682355197,-1.0,-0.0033350286395584425,63.0,0.21010680429218187,69.0,0.2301169761295325,-1.0,-0.0033350286395584425,83.25,0.27764113424324033,114.25,0.381027022069552,-1.0,-0.0033350286395584425,26.0,0.08671074462851949,127.25,0.42438239438381176,-1.0,-0.0033350286395584425,317.25,1.0580378358999158,359.75,1.1997765530811495,-64.5,-0.2151093472515195,26.0,0.08671074462851949,127.25,0.42438239438381176,-1.0,-0.0033350286395584425
2026-06-01 14:00:00,ISM Manufacturing PMI,ism_pmi,growth,US,ISM,16500487 2026-06-01 14:00:00 +0000 UTC ISM Manufacturing PMI United States-ISM - man-ISM Manufacturing PMI,Index,,52.7,53,54,52.7,53.0,54.0,1.0,actual_vs_forecast,positive,positive,market_positive,bullish,0.7,cluster_weighted,0.7,Cluster-level market bias from simultaneous releases.,20260601T140000,1,False,ISM Manufacturing PMI,ism_pmi,growth,positive,market_positive,ISM Manufacturing PMI: 1.0 (actual_vs_forecast),ISM Manufacturing PMI,ism_pmi,growth,NQ,intraday,2026-06-01,30307.75,60m,66.75,0.22024069751136263,76.25,0.2515858155092344,-4.75,-0.015672558998935916,57.0,0.188070707987231,95.25,0.3142760515049781,-4.75,-0.015672558998935916,107.5,0.35469475629170755,125.25,0.4132606346561523,-4.75,-0.015672558998935916,124.75,0.4116108916036327,139.75,0.46110318317921983,-4.75,-0.015672558998935916,246.75,0.8141481964184079,385.25,1.2711270219663289,-4.75,-0.015672558998935916,124.75,0.4116108916036327,139.75,0.46110318317921983,-4.75,-0.015672558998935916
2026-06-02 14:00:00,JOLTS Job Openings,jolts_job_openings,labor,US,BLS,16683843 2026-06-02 14:00:00 +0000 UTC JOLTS Job Openings United States-Job Openings-JOLTS Job Openings,Person,M,6.887M,6.88M,7.618M,6887000.0,6880000.0,7618000.0,738000.0,actual_vs_forecast,positive,positive,market_negative,bearish,-0.6,cluster_weighted,0.6,Cluster-level market bias from simultaneous releases.,20260602T140000,1,False,JOLTS Job Openings,jolts_job_openings,labor,positive,market_negative,JOLTS Job Openings: 738000.0 (actual_vs_forecast),JOLTS Job Openings,jolts_job_openings,labor,NQ,intraday,2026-06-02,30604.0,60m,7.75,0.0253234871258659,19.75,0.06453404783688406,-10.5,-0.0343092406221409,22.5,0.07351980133315907,43.25,0.14132139589596132,-10.5,-0.0343092406221409,-8.5,-0.027774147170304537,43.25,0.14132139589596132,-66.25,-0.21647497059207946,23.0,0.07515357469611815,45.0,0.14703960266631813,-66.25,-0.21647497059207946,137.0,0.44765390145079076,159.25,0.5203568161024703,-66.25,-0.21647497059207946,23.0,0.07515357469611815,45.0,0.14703960266631813,-66.25,-0.21647497059207946
2026-06-03 12:15:00,ADP National Employment,adp_employment,labor,US,ADP,16591356 2026-06-03 12:15:00 +0000 UTC ADP National Employment United States-ADP-ADP National Employment,Person,K,105K,117K,122K,105000.0,117000.0,122000.0,5000.0,actual_vs_forecast,positive,positive,market_negative,bearish,-0.6,cluster_weighted,0.6,Cluster-level market bias from simultaneous releases.,20260603T121500,1,False,ADP National Employment,adp_employment,labor,positive,market_negative,ADP National Employment: 5000.0 (actual_vs_forecast),ADP National Employment,adp_employment,labor,NQ,intraday,2026-06-03,30765.0,60m,3.75,0.012189176011701608,10.25,0.033317081098651065,-1.25,-0.004063058670567203,-34.0,-0.11051519583942793,10.25,0.033317081098651065,-39.0,-0.12676743052169673,-37.25,-0.12107914838290265,10.25,0.033317081098651065,-61.5,-0.19990248659190638,-21.0,-0.06825938566552901,10.25,0.033317081098651065,-65.0,-0.21127905086949453,-114.5,-0.3721761742239558,42.75,0.13895660653339836,-269.0,-0.8743702259060621,-21.0,-0.06825938566552901,10.25,0.033317081098651065,-65.0,-0.21127905086949453
2026-06-03 13:45:00,S&P Global Comp PMI Final,ism_pmi,growth,US,Markit,16507061 2026-06-03 13:45:00 +0000 UTC S&P Global Comp PMI Final United States-PMI-S&P Global Comp PMI Final,Index (diffusion),,51.7,,51.5,51.7,,51.5,-0.20000000000000284,actual_vs_previous,negative,negative,market_negative,bearish,-0.7,cluster_weighted,0.7,Cluster-level market bias from simultaneous releases.,20260603T134500,1,False,S&P Global Comp PMI Final,ism_pmi,growth,negative,market_negative,S&P Global Comp PMI Final: -0.20000000000000284 (actual_vs_previous),S&P Global Comp PMI Final,ism_pmi,growth,NQ,intraday,2026-06-03,30523.75,60m,49.75,0.1629878373397764,101.25,0.33170891518899215,-27.75,-0.0909128137925386,97.0,0.3177853310946394,120.5,0.3947745607928253,-27.75,-0.0909128137925386,153.75,0.5037061304721733,187.0,0.6126377001515214,-27.75,-0.0909128137925386,157.5,0.5159916458495434,215.75,0.7068266513780253,-27.75,-0.0909128137925386,50.25,0.16462590605675909,215.75,0.7068266513780253,-27.75,-0.0909128137925386,157.5,0.5159916458495434,215.75,0.7068266513780253,-27.75,-0.0909128137925386
2026-06-03 14:00:00,ISM N-Mfg PMI,ism_pmi,growth,US,ISM,16509978 2026-06-03 14:00:00 +0000 UTC ISM N-Mfg PMI United States-ISM - non man-ISM N-Mfg PMI,Index,,53.6,53.8,54.5,53.6,53.8,54.5,0.7000000000000028,actual_vs_forecast,positive,positive,market_positive,bullish,0.7,cluster_weighted,0.7,Cluster-level market bias from simultaneous releases.,20260603T140000,1,False,ISM N-Mfg PMI,ism_pmi,growth,positive,market_positive,ISM N-Mfg PMI: 0.7000000000000028 (actual_vs_forecast),ISM N-Mfg PMI,ism_pmi,growth,NQ,intraday,2026-06-03,30620.75,60m,15.0,0.04898638994799278,29.0,0.09470702056611938,-23.0,-0.07511246458692226,56.75,0.18533184196990604,90.0,0.2939183396879567,-23.0,-0.07511246458692226,85.75,0.2800388625360254,107.25,0.3502526881281484,-23.0,-0.07511246458692226,74.0,0.24166619041009774,118.75,0.3878089204216095,-23.0,-0.07511246458692226,-75.25,-0.24574838957243045,118.75,0.3878089204216095,-115.0,-0.37556232293461134,74.0,0.24166619041009774,118.75,0.3878089204216095,-23.0,-0.07511246458692226
2026-06-04 12:30:00,Initial Jobless Clm *,jobless_claims,labor,US,Dept of Labor,16601479 2026-06-04 12:30:00 +0000 UTC Initial Jobless Clm * United States-Jobless-Initial Jobless Clm *,Person,K,212K,213K,225K,212000.0,213000.0,225000.0,12000.0,actual_vs_forecast,positive,positive,market_negative,bearish,-0.7,cluster_weighted,0.7,Cluster-level market bias from simultaneous releases.,20260604T123000,1,False,Initial Jobless Clm *,jobless_claims,labor,positive,market_negative,Initial Jobless Clm *: 12000.0 (actual_vs_forecast),Initial Jobless Clm *,jobless_claims,labor,NQ,intraday,2026-06-04,30266.5,60m,16.0,0.052863727223167525,37.0,0.12224736920357492,-10.0,-0.0330398295144797,57.75,0.1908050154461203,61.25,0.2023689557761882,-10.0,-0.0330398295144797,29.25,0.09664150132985314,63.5,0.20980291741694612,-10.0,-0.0330398295144797,77.0,0.25440668726149374,87.25,0.2882725125138354,-56.5,-0.18667503675681033,304.5,1.006062808715907,332.0,1.0969223398807262,-115.5,-0.3816100308922406,77.0,0.25440668726149374,87.25,0.2882725125138354,-56.5,-0.18667503675681033
2026-06-05 12:30:00,Non-Farm Payrolls | Unemployment Rate,nonfarm_payrolls,labor,US,BLS,16268762 2026-06-05 12:30:00 +0000 UTC Non-Farm Payrolls United States-Employment-Non-Farm Payrolls,Person,K,179K,85K,172K,179000.0,85000.0,172000.0,87000.0,actual_vs_forecast,positive,positive,market_negative,bearish,-0.37894736842105264,cluster_weighted,0.6,Cluster-level market bias from simultaneous releases.,20260605T123000,2,True,Non-Farm Payrolls | Unemployment Rate,"nonfarm_payrolls,unemployment_rate",labor,"positive,flat","market_negative,market_neutral",Non-Farm Payrolls: 87000.0 (actual_vs_forecast) | Unemployment Rate: 0.0 (actual_vs_forecast),Non-Farm Payrolls,nonfarm_payrolls,labor,NQ,intraday,2026-06-05,30061.75,60m,23.75,0.07900404999708932,32.25,0.10727918368025814,-19.25,-0.06403486157658819,64.0,0.21289512420268283,73.75,0.24532836578043526,-19.25,-0.06403486157658819,0.0,0.0,73.75,0.24532836578043526,-19.25,-0.06403486157658819,-17.5,-0.058213510524171085,73.75,0.24532836578043526,-63.0,-0.2095686378870159,-860.5,-2.862441474631384,73.75,0.24532836578043526,-965.75,-3.212554159355327,-17.5,-0.058213510524171085,73.75,0.24532836578043526,-63.0,-0.2095686378870159
2026-06-09 14:00:00,Existing Home Sales,home_sales,growth,US,NAR,16588357 2026-06-09 14:00:00 +0000 UTC Existing Home Sales United States-Existing Homes-Existing Home Sales,Number of,M,4.04M,4.07M,4.17M,4040000.0,4070000.0000000005,4170000.0,99999.99999999953,actual_vs_forecast,positive,positive,market_positive,bullish,0.7,cluster_weighted,0.7,Cluster-level market bias from simultaneous releases.,20260609T140000,1,False,Existing Home Sales,home_sales,growth,positive,market_positive,Existing Home Sales: 99999.99999999953 (actual_vs_forecast),Existing Home Sales,home_sales,growth,NQ,intraday,2026-06-09,29664.0,60m,-33.25,-0.11208872707659115,38.5,0.12978694714131608,-40.0,-0.1348435814455232,-252.25,-0.8503573354908306,38.5,0.12978694714131608,-297.25,-1.0020563646170442,-225.75,-0.7610234627831715,38.5,0.12978694714131608,-299.0,-1.007955771305286,-480.25,-1.618965749730313,38.5,0.12978694714131608,-580.25,-1.9560747033441208,-542.0,-1.8271305285868393,38.5,0.12978694714131608,-1436.25,-4.841727346278317,-480.25,-1.618965749730313,38.5,0.12978694714131608,-580.25,-1.9560747033441208
2026-06-10 12:30:00,"CPI MM, SA | CPI YY, NSA | Core CPI MM, SA | Core CPI YY, NSA",core_cpi,inflation,US,BLS,"16607380 2026-06-10 12:30:00 +0000 UTC Core CPI MM, SA United States-CPI-Core CPI MM, SA",%,,0.4%,0.3%,0.2%,0.4,0.3,0.2,-0.09999999999999998,actual_vs_forecast,negative,negative,market_positive,bullish,0.25,cluster_weighted,1.0,Cluster-level market bias from simultaneous releases.,20260610T123000,4,True,"CPI MM, SA | CPI YY, NSA | Core CPI MM, SA | Core CPI YY, NSA","cpi,core_cpi",inflation,"flat,negative","market_neutral,market_positive","CPI MM, SA: 0.0 (actual_vs_forecast) | CPI YY, NSA: 0.0 (actual_vs_forecast) | Core CPI MM, SA: -0.09999999999999998 (actual_vs_forecast) | Core CPI YY, NSA: 0.0 (actual_vs_forecast)","Core CPI MM, SA",core_cpi,inflation,NQ,intraday,2026-06-10,28918.75,60m,-24.0,-0.08299113896693322,35.0,0.1210287443267776,-66.0,-0.22822563215906638,22.0,0.07607521071968879,35.0,0.1210287443267776,-66.0,-0.22822563215906638,-85.0,-0.2939269505078885,35.0,0.1210287443267776,-94.75,-0.3276421007132051,-138.5,-0.4789280311216771,35.0,0.1210287443267776,-140.75,-0.4867084503998271,-300.75,-1.039982710179382,331.25,1.1454506159498594,-344.75,-1.1921331316187593,-138.5,-0.4789280311216771,35.0,0.1210287443267776,-140.75,-0.4867084503998271
2026-06-11 12:30:00,Initial Jobless Clm *,jobless_claims,labor,US,Dept of Labor,16601480 2026-06-11 12:30:00 +0000 UTC Initial Jobless Clm * United States-Jobless-Initial Jobless Clm *,Person,K,225K,219K,229K,225000.0,219000.0,229000.0,10000.0,actual_vs_forecast,positive,positive,market_negative,bearish,-0.7,cluster_weighted,0.7,Cluster-level market bias from simultaneous releases.,20260611T123000,1,False,Initial Jobless Clm *,jobless_claims,labor,positive,market_negative,Initial Jobless Clm *: 10000.0 (actual_vs_forecast),Initial Jobless Clm *,jobless_claims,labor,NQ,intraday,2026-06-11,28687.5,60m,41.0,0.14291938997821352,48.25,0.1681917211328976,-15.0,-0.052287581699346414,98.0,0.3416122004357299,116.0,0.4043572984749455,-15.0,-0.052287581699346414,108.75,0.3790849673202615,140.0,0.48801742919389973,-15.0,-0.052287581699346414,-1.0,-0.003485838779956427,140.0,0.48801742919389973,-16.5,-0.05751633986928105,609.5,2.1246187363834426,630.0,2.196078431372549,-110.0,-0.38344226579520696,-1.0,-0.003485838779956427,140.0,0.48801742919389973,-16.5,-0.05751633986928105
