compare_key,release_time_yahoo_daily,title_yahoo_daily,event_family_yahoo_daily,catalyst_category_yahoo_daily,surprise_side_yahoo_daily,market_bias_side_yahoo_daily,expected_from_market_bias_yahoo_daily,reaction_return_pts_yahoo_daily,reaction_return_pct_yahoo_daily,actual_direction_yahoo_daily,bias_direction_correct_yahoo_daily,market_session_yahoo_daily,release_time_investing_daily,title_investing_daily,event_family_investing_daily,catalyst_category_investing_daily,surprise_side_investing_daily,market_bias_side_investing_daily,expected_from_market_bias_investing_daily,reaction_return_pts_investing_daily,reaction_return_pct_investing_daily,actual_direction_investing_daily,bias_direction_correct_investing_daily,market_session_investing_daily,return_diff_pts,abs_return_diff_pts,direction_match,same_sign
20240117T133000,2024-01-17 13:30:00,Retail Sales MM *,retail_sales,growth,flat,market_neutral,mixed,-96.75,-0.5702413579701175,bearish,False,2024-01-17,2024-01-17 13:30:00,Retail Sales MM *,retail_sales,growth,flat,market_neutral,mixed,-96.75,-0.5702413579701175,bearish,False,2024-01-17,0.0,0.0,True,True
20240118T133000,2024-01-18 13:30:00,Building Permits: Number * | Initial Jobless Clm*,jobless_claims,labor,mixed,market_positive,bullish,240.25,1.4241467715881977,bullish,True,2024-01-18,2024-01-18 13:30:00,Building Permits: Number * | Initial Jobless Clm*,jobless_claims,labor,mixed,market_positive,bullish,240.25,1.4241467715881977,bullish,True,2024-01-18,0.0,0.0,True,True
20240119T150000,2024-01-19 15:00:00,Existing Home Sales,home_sales,growth,positive,market_positive,bullish,328.5,1.919929865575687,bullish,True,2024-01-19,2024-01-19 15:00:00,Existing Home Sales,home_sales,growth,positive,market_positive,bullish,328.5,1.919929865575687,bullish,True,2024-01-19,0.0,0.0,True,True
20240124T144500,2024-01-24 14:45:00,S&P Global Comp Flash PMI,ism_pmi,growth,flat,market_neutral,mixed,89.75,0.5119429590017825,bullish,False,2024-01-24,2024-01-24 14:45:00,S&P Global Comp Flash PMI,ism_pmi,growth,flat,market_neutral,mixed,89.75,0.5119429590017825,bullish,False,2024-01-24,0.0,0.0,True,True
20240125T133000,2024-01-25 13:30:00,Initial Jobless Clm*,jobless_claims,labor,positive,market_negative,bearish,13.5,0.0766131320583394,bullish,False,2024-01-25,2024-01-25 13:30:00,Initial Jobless Clm*,jobless_claims,labor,positive,market_negative,bearish,13.5,0.0766131320583394,bullish,False,2024-01-25,0.0,0.0,True,True
20240130T150000,2024-01-30 15:00:00,JOLTS Job Openings*,jolts_job_openings,labor,positive,market_negative,bearish,-117.5,-0.6636168530441658,bearish,True,2024-01-30,2024-01-30 15:00:00,JOLTS Job Openings*,jolts_job_openings,labor,positive,market_negative,bearish,-117.5,-0.6636168530441658,bearish,True,2024-01-30,0.0,0.0,True,True
20240131T131500,2024-01-31 13:15:00,ADP National Employment*,adp_employment,labor,negative,market_positive,bullish,-346.25,-1.9686158569519856,bearish,False,2024-01-31,2024-01-31 13:15:00,ADP National Employment*,adp_employment,labor,negative,market_positive,bullish,-346.25,-1.9686158569519856,bearish,False,2024-01-31,0.0,0.0,True,True
20240131T190000,2024-01-31 19:00:00,Fed Funds Tgt Rate *,fomc_rates,central_bank,flat,market_neutral,mixed,-346.25,-1.9686158569519856,bearish,False,2024-01-31,2024-01-31 19:00:00,Fed Funds Tgt Rate *,fomc_rates,central_bank,flat,market_neutral,mixed,-346.25,-1.9686158569519856,bearish,False,2024-01-31,0.0,0.0,True,True
20240201T133000,2024-02-01 13:30:00,Initial Jobless Clm*,jobless_claims,labor,positive,market_negative,bearish,194.5,1.1280430338267915,bullish,False,2024-02-01,2024-02-01 13:30:00,Initial Jobless Clm*,jobless_claims,labor,positive,market_negative,bearish,194.5,1.1280430338267915,bullish,False,2024-02-01,0.0,0.0,True,True
20240201T150000,2024-02-01 15:00:00,ISM Manufacturing PMI,ism_pmi,growth,positive,market_positive,bullish,194.5,1.1280430338267915,bullish,True,2024-02-01,2024-02-01 15:00:00,ISM Manufacturing PMI,ism_pmi,growth,positive,market_positive,bullish,194.5,1.1280430338267915,bullish,True,2024-02-01,0.0,0.0,True,True
20240202T133000,2024-02-02 13:30:00,Non-Farm Payrolls* | Unemployment Rate*,nonfarm_payrolls,labor,mixed,market_mixed,mixed,296.0,1.6975640529341764,bullish,False,2024-02-02,2024-02-02 13:30:00,Non-Farm Payrolls* | Unemployment Rate*,nonfarm_payrolls,labor,mixed,market_mixed,mixed,296.0,1.6975640529341764,bullish,False,2024-02-02,0.0,0.0,True,True
20240205T144500,2024-02-05 14:45:00,S&P Global Comp Final PMI,ism_pmi,growth,positive,market_positive,bullish,-32.75,-0.1846865263425018,bearish,False,2024-02-05,2024-02-05 14:45:00,S&P Global Comp Final PMI,ism_pmi,growth,positive,market_positive,bullish,-32.75,-0.1846865263425018,bearish,False,2024-02-05,0.0,0.0,True,True
20240205T150000,2024-02-05 15:00:00,ISM N-Mfg PMI,ism_pmi,growth,positive,market_positive,bullish,-32.75,-0.1846865263425018,bearish,False,2024-02-05,2024-02-05 15:00:00,ISM N-Mfg PMI,ism_pmi,growth,positive,market_positive,bullish,-32.75,-0.1846865263425018,bearish,False,2024-02-05,0.0,0.0,True,True
20240208T133000,2024-02-08 13:30:00,Initial Jobless Clm*,jobless_claims,labor,negative,market_positive,bullish,26.5,0.1485280311628623,bullish,True,2024-02-08,2024-02-08 13:30:00,Initial Jobless Clm*,jobless_claims,labor,negative,market_positive,bullish,26.5,0.1485280311628623,bullish,True,2024-02-08,0.0,0.0,True,True
20240213T133000,2024-02-13 13:30:00,"CPI MM, SA* | CPI YY, NSA* | Core CPI MM, SA* | Core CPI YY, NSA*",core_cpi,inflation,positive,market_negative,bearish,-288.25,-1.604508767047036,bearish,True,2024-02-13,2024-02-13 13:30:00,"CPI MM, SA* | CPI YY, NSA* | Core CPI MM, SA* | Core CPI YY, NSA*",core_cpi,inflation,positive,market_negative,bearish,-288.25,-1.604508767047036,bearish,True,2024-02-13,0.0,0.0,True,True
20240215T133000,2024-02-15 13:30:00,Initial Jobless Clm* | Retail Sales MM *,jobless_claims,labor,negative,market_mixed,mixed,31.75,0.1775627761310888,bullish,False,2024-02-15,2024-02-15 13:30:00,Initial Jobless Clm* | Retail Sales MM *,jobless_claims,labor,negative,market_mixed,mixed,31.75,0.1775627761310888,bullish,False,2024-02-15,0.0,0.0,True,True
20240216T133000,2024-02-16 13:30:00,Building Permits: Number *,other,other,negative,market_neutral,mixed,-168.75,-0.9420664052141632,bearish,False,2024-02-16,2024-02-16 13:30:00,Building Permits: Number *,other,other,negative,market_neutral,mixed,-168.75,-0.9420664052141632,bearish,False,2024-02-16,0.0,0.0,True,True
20240222T133000,2024-02-22 13:30:00,Initial Jobless Clm*,jobless_claims,labor,negative,market_positive,bullish,510.75,2.912455272499181,bullish,True,2024-02-22,2024-02-22 13:30:00,Initial Jobless Clm*,jobless_claims,labor,negative,market_positive,bullish,510.75,2.912455272499181,bullish,True,2024-02-22,0.0,0.0,True,True
20240222T144500,2024-02-22 14:45:00,S&P Global Comp Flash PMI,ism_pmi,growth,flat,market_neutral,mixed,510.75,2.912455272499181,bullish,False,2024-02-22,2024-02-22 14:45:00,S&P Global Comp Flash PMI,ism_pmi,growth,flat,market_neutral,mixed,510.75,2.912455272499181,bullish,False,2024-02-22,0.0,0.0,True,True
20240222T150000,2024-02-22 15:00:00,Existing Home Sales,home_sales,growth,positive,market_positive,bullish,510.75,2.912455272499181,bullish,True,2024-02-22,2024-02-22 15:00:00,Existing Home Sales,home_sales,growth,positive,market_positive,bullish,510.75,2.912455272499181,bullish,True,2024-02-22,0.0,0.0,True,True
20240229T133000,2024-02-29 13:30:00,Initial Jobless Clm*,jobless_claims,labor,positive,market_negative,bearish,167.5,0.9349576478140132,bullish,False,2024-02-29,2024-02-29 13:30:00,Initial Jobless Clm*,jobless_claims,labor,positive,market_negative,bearish,167.5,0.9349576478140132,bullish,False,2024-02-29,0.0,0.0,True,True
20240301T150000,2024-03-01 15:00:00,ISM Manufacturing PMI,ism_pmi,growth,negative,market_negative,bearish,255.5,1.4129488048001548,bullish,False,2024-03-01,2024-03-01 15:00:00,ISM Manufacturing PMI,ism_pmi,growth,negative,market_negative,bearish,255.5,1.4129488048001548,bullish,False,2024-03-01,0.0,0.0,True,True
20240305T144500,2024-03-05 14:45:00,S&P Global Comp Final PMI,ism_pmi,growth,positive,market_positive,bullish,-331.75,-1.8166137334355492,bearish,False,2024-03-05,2024-03-05 14:45:00,S&P Global Comp Final PMI,ism_pmi,growth,positive,market_positive,bullish,-331.75,-1.8166137334355492,bearish,False,2024-03-05,0.0,0.0,True,True
20240305T150000,2024-03-05 15:00:00,ISM N-Mfg PMI,ism_pmi,growth,negative,market_negative,bearish,-331.75,-1.8166137334355492,bearish,True,2024-03-05,2024-03-05 15:00:00,ISM N-Mfg PMI,ism_pmi,growth,negative,market_negative,bearish,-331.75,-1.8166137334355492,bearish,True,2024-03-05,0.0,0.0,True,True
20240306T131500,2024-03-06 13:15:00,ADP National Employment*,adp_employment,labor,positive,market_negative,bearish,114.0,0.6357970468900322,bullish,False,2024-03-06,2024-03-06 13:15:00,ADP National Employment*,adp_employment,labor,positive,market_negative,bearish,114.0,0.6357970468900322,bullish,False,2024-03-06,0.0,0.0,True,True
20240306T150000,2024-03-06 15:00:00,JOLTS Job Openings*,jolts_job_openings,labor,negative,market_positive,bullish,114.0,0.6357970468900322,bullish,True,2024-03-06,2024-03-06 15:00:00,JOLTS Job Openings*,jolts_job_openings,labor,negative,market_positive,bullish,114.0,0.6357970468900322,bullish,True,2024-03-06,0.0,0.0,True,True
20240307T133000,2024-03-07 13:30:00,Initial Jobless Clm*,jobless_claims,labor,negative,market_positive,bullish,272.0,1.5074054061543152,bullish,True,2024-03-07,2024-03-07 13:30:00,Initial Jobless Clm*,jobless_claims,labor,negative,market_positive,bullish,272.0,1.5074054061543152,bullish,True,2024-03-07,0.0,0.0,True,True
20240308T133000,2024-03-08 13:30:00,Non-Farm Payrolls* | Unemployment Rate*,nonfarm_payrolls,labor,positive,market_negative,bearish,-269.5,-1.4713710502968675,bearish,True,2024-03-08,2024-03-08 13:30:00,Non-Farm Payrolls* | Unemployment Rate*,nonfarm_payrolls,labor,positive,market_negative,bearish,-269.5,-1.4713710502968675,bearish,True,2024-03-08,0.0,0.0,True,True
20240312T123000,2024-03-12 12:30:00,"CPI MM, SA* | CPI YY, NSA* | Core CPI MM, SA* | Core CPI YY, NSA*",core_cpi,inflation,positive,market_negative,bearish,256.75,1.428690668298926,bullish,False,2024-03-12,2024-03-12 12:30:00,"CPI MM, SA* | CPI YY, NSA* | Core CPI MM, SA* | Core CPI YY, NSA*",core_cpi,inflation,positive,market_negative,bearish,256.75,1.428690668298926,bullish,False,2024-03-12,0.0,0.0,True,True
20240314T123000,2024-03-14 12:30:00,Initial Jobless Clm* | Retail Sales MM *,jobless_claims,labor,negative,market_mixed,mixed,-54.0,-0.2986973476781813,bearish,False,2024-03-14,2024-03-14 12:30:00,Initial Jobless Clm* | Retail Sales MM *,jobless_claims,labor,negative,market_mixed,mixed,-54.0,-0.2986973476781813,bearish,False,2024-03-14,0.0,0.0,True,True
20240319T123000,2024-03-19 12:30:00,Building Permits: Number *,other,other,positive,market_neutral,mixed,38.5,0.2111729698598579,bullish,False,2024-03-19,2024-03-19 12:30:00,Building Permits: Number *,other,other,positive,market_neutral,mixed,38.5,0.2111729698598579,bullish,False,2024-03-19,0.0,0.0,True,True
20240320T180000,2024-03-20 18:00:00,Fed Funds Tgt Rate *,fomc_rates,central_bank,flat,market_neutral,mixed,209.75,1.148056923918993,bullish,False,2024-03-20,2024-03-20 18:00:00,Fed Funds Tgt Rate *,fomc_rates,central_bank,flat,market_neutral,mixed,209.75,1.148056923918993,bullish,False,2024-03-20,0.0,0.0,True,True
20240321T123000,2024-03-21 12:30:00,Initial Jobless Clm*,jobless_claims,labor,negative,market_positive,bullish,82.0,0.4437289465496015,bullish,True,2024-03-21,2024-03-21 12:30:00,Initial Jobless Clm*,jobless_claims,labor,negative,market_positive,bullish,82.0,0.4437289465496015,bullish,True,2024-03-21,0.0,0.0,True,True
20240321T134500,2024-03-21 13:45:00,S&P Global Comp Flash PMI,ism_pmi,growth,flat,market_neutral,mixed,82.0,0.4437289465496015,bullish,False,2024-03-21,2024-03-21 13:45:00,S&P Global Comp Flash PMI,ism_pmi,growth,flat,market_neutral,mixed,82.0,0.4437289465496015,bullish,False,2024-03-21,0.0,0.0,True,True
20240321T140000,2024-03-21 14:00:00,Existing Home Sales,home_sales,growth,positive,market_positive,bullish,82.0,0.4437289465496015,bullish,True,2024-03-21,2024-03-21 14:00:00,Existing Home Sales,home_sales,growth,positive,market_positive,bullish,82.0,0.4437289465496015,bullish,True,2024-03-21,0.0,0.0,True,True
20240328T123000,2024-03-28 12:30:00,GDP Cons Spending Final* | GDP Final* | Initial Jobless Clm*,jobless_claims,labor,positive,market_positive,bullish,-28.75,-0.1553739106937783,bearish,False,2024-03-28,2024-03-28 12:30:00,GDP Cons Spending Final* | GDP Final* | Initial Jobless Clm*,jobless_claims,labor,positive,market_positive,bullish,-28.75,-0.1553739106937783,bearish,False,2024-03-28,0.0,0.0,True,True
20240401T140000,2024-04-01 14:00:00,ISM Manufacturing PMI,ism_pmi,growth,positive,market_positive,bullish,22.25,0.1204330175913396,bullish,True,2024-04-01,2024-04-01 14:00:00,ISM Manufacturing PMI,ism_pmi,growth,positive,market_positive,bullish,22.25,0.1204330175913396,bullish,True,2024-04-01,0.0,0.0,True,True
20240402T140000,2024-04-02 14:00:00,JOLTS Job Openings*,jolts_job_openings,labor,positive,market_negative,bearish,-167.25,-0.9041884604468232,bearish,True,2024-04-02,2024-04-02 14:00:00,JOLTS Job Openings*,jolts_job_openings,labor,positive,market_negative,bearish,-167.25,-0.9041884604468232,bearish,True,2024-04-02,0.0,0.0,True,True
20240403T121500,2024-04-03 12:15:00,ADP National Employment*,adp_employment,labor,positive,market_negative,bearish,43.25,0.2359519912711402,bullish,False,2024-04-03,2024-04-03 12:15:00,ADP National Employment*,adp_employment,labor,positive,market_negative,bearish,43.25,0.2359519912711402,bullish,False,2024-04-03,0.0,0.0,True,True
20240403T134500,2024-04-03 13:45:00,S&P Global Comp Final PMI,ism_pmi,growth,negative,market_negative,bearish,43.25,0.2359519912711402,bullish,False,2024-04-03,2024-04-03 13:45:00,S&P Global Comp Final PMI,ism_pmi,growth,negative,market_negative,bearish,43.25,0.2359519912711402,bullish,False,2024-04-03,0.0,0.0,True,True
20240403T140000,2024-04-03 14:00:00,ISM N-Mfg PMI,ism_pmi,growth,negative,market_negative,bearish,43.25,0.2359519912711402,bullish,False,2024-04-03,2024-04-03 14:00:00,ISM N-Mfg PMI,ism_pmi,growth,negative,market_negative,bearish,43.25,0.2359519912711402,bullish,False,2024-04-03,0.0,0.0,True,True
20240404T123000,2024-04-04 12:30:00,Initial Jobless Clm*,jobless_claims,labor,positive,market_negative,bearish,-296.5,-1.6137591335229204,bearish,True,2024-04-04,2024-04-04 12:30:00,Initial Jobless Clm*,jobless_claims,labor,positive,market_negative,bearish,-296.5,-1.6137591335229204,bearish,True,2024-04-04,0.0,0.0,True,True
20240405T123000,2024-04-05 12:30:00,Non-Farm Payrolls* | Unemployment Rate*,nonfarm_payrolls,labor,mixed,market_mixed,mixed,224.0,1.2391608004757493,bullish,False,2024-04-05,2024-04-05 12:30:00,Non-Farm Payrolls* | Unemployment Rate*,nonfarm_payrolls,labor,mixed,market_mixed,mixed,224.0,1.2391608004757493,bullish,False,2024-04-05,0.0,0.0,True,True
20240410T123000,2024-04-10 12:30:00,"CPI MM, SA* | CPI YY, NSA* | Core CPI MM, SA* | Core CPI YY, NSA*",core_cpi,inflation,positive,market_negative,bearish,-163.0,-0.8878116532087855,bearish,True,2024-04-10,2024-04-10 12:30:00,"CPI MM, SA* | CPI YY, NSA* | Core CPI MM, SA* | Core CPI YY, NSA*",core_cpi,inflation,positive,market_negative,bearish,-163.0,-0.8878116532087855,bearish,True,2024-04-10,0.0,0.0,True,True
20240411T123000,2024-04-11 12:30:00,Initial Jobless Clm*,jobless_claims,labor,negative,market_positive,bullish,288.25,1.584074079162488,bullish,True,2024-04-11,2024-04-11 12:30:00,Initial Jobless Clm*,jobless_claims,labor,negative,market_positive,bullish,288.25,1.584074079162488,bullish,True,2024-04-11,0.0,0.0,True,True
20240415T123000,2024-04-15 12:30:00,Retail Sales MM *,retail_sales,growth,positive,market_positive,bullish,-303.0,-1.666735426378976,bearish,False,2024-04-15,2024-04-15 12:30:00,Retail Sales MM *,retail_sales,growth,positive,market_positive,bullish,-303.0,-1.666735426378976,bearish,False,2024-04-15,0.0,0.0,True,True
20240416T123000,2024-04-16 12:30:00,Building Permits: Number *,other,other,negative,market_neutral,mixed,5.0,0.0279700720229354,mixed,True,2024-04-16,2024-04-16 12:30:00,Building Permits: Number *,other,other,negative,market_neutral,mixed,5.0,0.0279700720229354,mixed,True,2024-04-16,0.0,0.0,True,True
20240418T123000,2024-04-18 12:30:00,Initial Jobless Clm*,jobless_claims,labor,negative,market_positive,bullish,-111.25,-0.6300082113429792,bearish,False,2024-04-18,2024-04-18 12:30:00,Initial Jobless Clm*,jobless_claims,labor,negative,market_positive,bullish,-111.25,-0.6300082113429792,bearish,False,2024-04-18,0.0,0.0,True,True
20240418T140000,2024-04-18 14:00:00,Existing Home Sales,home_sales,growth,positive,market_positive,bullish,-111.25,-0.6300082113429792,bearish,False,2024-04-18,2024-04-18 14:00:00,Existing Home Sales,home_sales,growth,positive,market_positive,bullish,-111.25,-0.6300082113429792,bearish,False,2024-04-18,0.0,0.0,True,True
20240423T134500,2024-04-23 13:45:00,S&P Global Comp Flash PMI,ism_pmi,growth,flat,market_neutral,mixed,256.75,1.4798270893371757,bullish,False,2024-04-23,2024-04-23 13:45:00,S&P Global Comp Flash PMI,ism_pmi,growth,flat,market_neutral,mixed,256.75,1.4798270893371757,bullish,False,2024-04-23,0.0,0.0,True,True
20240425T123000,2024-04-25 12:30:00,Initial Jobless Clm*,jobless_claims,labor,negative,market_positive,bullish,-97.0,-0.5491239491635767,bearish,False,2024-04-25,2024-04-25 12:30:00,Initial Jobless Clm*,jobless_claims,labor,negative,market_positive,bullish,-97.0,-0.5491239491635767,bearish,False,2024-04-25,0.0,0.0,True,True
20240501T121500,2024-05-01 12:15:00,ADP National Employment*,adp_employment,labor,positive,market_negative,bearish,-133.0,-0.7569182613644447,bearish,True,2024-05-01,2024-05-01 12:15:00,ADP National Employment*,adp_employment,labor,positive,market_negative,bearish,-133.0,-0.7569182613644447,bearish,True,2024-05-01,0.0,0.0,True,True
20240501T140000,2024-05-01 14:00:00,ISM Manufacturing PMI | JOLTS Job Openings*,jolts_job_openings,labor,negative,market_mixed,mixed,-133.0,-0.7569182613644447,bearish,False,2024-05-01,2024-05-01 14:00:00,ISM Manufacturing PMI | JOLTS Job Openings*,jolts_job_openings,labor,negative,market_mixed,mixed,-133.0,-0.7569182613644447,bearish,False,2024-05-01,0.0,0.0,True,True
20240501T180000,2024-05-01 18:00:00,Fed Funds Tgt Rate *,fomc_rates,central_bank,flat,market_neutral,mixed,-133.0,-0.7569182613644447,bearish,False,2024-05-01,2024-05-01 18:00:00,Fed Funds Tgt Rate *,fomc_rates,central_bank,flat,market_neutral,mixed,-133.0,-0.7569182613644447,bearish,False,2024-05-01,0.0,0.0,True,True
20240502T123000,2024-05-02 12:30:00,Initial Jobless Clm*,jobless_claims,labor,negative,market_positive,bullish,211.5,1.212851060169455,bullish,True,2024-05-02,2024-05-02 12:30:00,Initial Jobless Clm*,jobless_claims,labor,negative,market_positive,bullish,211.5,1.212851060169455,bullish,True,2024-05-02,0.0,0.0,True,True
20240503T123000,2024-05-03 12:30:00,Non-Farm Payrolls* | Unemployment Rate*,nonfarm_payrolls,labor,mixed,market_mixed,mixed,351.0,1.988696723749628,bullish,False,2024-05-03,2024-05-03 12:30:00,Non-Farm Payrolls* | Unemployment Rate*,nonfarm_payrolls,labor,mixed,market_mixed,mixed,351.0,1.988696723749628,bullish,False,2024-05-03,0.0,0.0,True,True
20240503T134500,2024-05-03 13:45:00,S&P Global Comp Final PMI,ism_pmi,growth,negative,market_negative,bearish,351.0,1.988696723749628,bullish,False,2024-05-03,2024-05-03 13:45:00,S&P Global Comp Final PMI,ism_pmi,growth,negative,market_negative,bearish,351.0,1.988696723749628,bullish,False,2024-05-03,0.0,0.0,True,True
20240503T140000,2024-05-03 14:00:00,ISM N-Mfg PMI,ism_pmi,growth,negative,market_negative,bearish,351.0,1.988696723749628,bullish,False,2024-05-03,2024-05-03 14:00:00,ISM N-Mfg PMI,ism_pmi,growth,negative,market_negative,bearish,351.0,1.988696723749628,bullish,False,2024-05-03,0.0,0.0,True,True
20240509T123000,2024-05-09 12:30:00,Initial Jobless Clm*,jobless_claims,labor,positive,market_negative,bearish,28.0,0.1539603552085338,bullish,False,2024-05-09,2024-05-09 12:30:00,Initial Jobless Clm*,jobless_claims,labor,positive,market_negative,bearish,28.0,0.1539603552085338,bullish,False,2024-05-09,0.0,0.0,True,True
20240515T123000,2024-05-15 12:30:00,"CPI MM, SA* | CPI YY, NSA* | Core CPI MM, SA* | Core CPI YY, NSA* | Retail Sales MM *",core_cpi,inflation,negative,market_mixed,mixed,276.75,1.5028509367363565,bullish,False,2024-05-15,2024-05-15 12:30:00,"CPI MM, SA* | CPI YY, NSA* | Core CPI MM, SA* | Core CPI YY, NSA* | Retail Sales MM *",core_cpi,inflation,negative,market_mixed,mixed,276.75,1.5028509367363565,bullish,False,2024-05-15,0.0,0.0,True,True
20240516T123000,2024-05-16 12:30:00,Building Permits: Number * | Initial Jobless Clm*,jobless_claims,labor,mixed,market_negative,bearish,-41.75,-0.2233605735150534,bearish,True,2024-05-16,2024-05-16 12:30:00,Building Permits: Number * | Initial Jobless Clm*,jobless_claims,labor,mixed,market_negative,bearish,-41.75,-0.2233605735150534,bearish,True,2024-05-16,0.0,0.0,True,True
20240522T140000,2024-05-22 14:00:00,Existing Home Sales,home_sales,growth,negative,market_negative,bearish,-12.5,-0.0664920143090814,bearish,True,2024-05-22,2024-05-22 14:00:00,Existing Home Sales,home_sales,growth,negative,market_negative,bearish,-12.5,-0.0664920143090814,bearish,True,2024-05-22,0.0,0.0,True,True
20240523T123000,2024-05-23 12:30:00,Initial Jobless Clm*,jobless_claims,labor,negative,market_positive,bullish,-90.5,-0.4817224905851198,bearish,False,2024-05-23,2024-05-23 12:30:00,Initial Jobless Clm*,jobless_claims,labor,negative,market_positive,bullish,-90.5,-0.4817224905851198,bearish,False,2024-05-23,0.0,0.0,True,True
20240523T134500,2024-05-23 13:45:00,S&P Global Comp Flash PMI,ism_pmi,growth,flat,market_neutral,mixed,-90.5,-0.4817224905851198,bearish,False,2024-05-23,2024-05-23 13:45:00,S&P Global Comp Flash PMI,ism_pmi,growth,flat,market_neutral,mixed,-90.5,-0.4817224905851198,bearish,False,2024-05-23,0.0,0.0,True,True
20240530T123000,2024-05-30 12:30:00,Initial Jobless Clm*,jobless_claims,labor,positive,market_negative,bearish,-196.25,-1.0437303054074536,bearish,True,2024-05-30,2024-05-30 12:30:00,Initial Jobless Clm*,jobless_claims,labor,positive,market_negative,bearish,-196.25,-1.0437303054074536,bearish,True,2024-05-30,0.0,0.0,True,True
20240603T140000,2024-06-03 14:00:00,ISM Manufacturing PMI,ism_pmi,growth,negative,market_negative,bearish,55.25,0.2971868108224409,bullish,False,2024-06-03,2024-06-03 14:00:00,ISM Manufacturing PMI,ism_pmi,growth,negative,market_negative,bearish,55.25,0.2971868108224409,bullish,False,2024-06-03,0.0,0.0,True,True
20240604T140000,2024-06-04 14:00:00,JOLTS Job Openings*,jolts_job_openings,labor,negative,market_positive,bullish,54.75,0.2936247234698665,bullish,True,2024-06-04,2024-06-04 14:00:00,JOLTS Job Openings*,jolts_job_openings,labor,negative,market_positive,bullish,54.75,0.2936247234698665,bullish,True,2024-06-04,0.0,0.0,True,True
20240605T121500,2024-06-05 12:15:00,ADP National Employment*,adp_employment,labor,negative,market_positive,bullish,373.25,1.995882573124432,bullish,True,2024-06-05,2024-06-05 12:15:00,ADP National Employment*,adp_employment,labor,negative,market_positive,bullish,373.25,1.995882573124432,bullish,True,2024-06-05,0.0,0.0,True,True
20240605T134500,2024-06-05 13:45:00,S&P Global Comp Final PMI,ism_pmi,growth,positive,market_positive,bullish,373.25,1.995882573124432,bullish,True,2024-06-05,2024-06-05 13:45:00,S&P Global Comp Final PMI,ism_pmi,growth,positive,market_positive,bullish,373.25,1.995882573124432,bullish,True,2024-06-05,0.0,0.0,True,True
20240605T140000,2024-06-05 14:00:00,ISM N-Mfg PMI,ism_pmi,growth,positive,market_positive,bullish,373.25,1.995882573124432,bullish,True,2024-06-05,2024-06-05 14:00:00,ISM N-Mfg PMI,ism_pmi,growth,positive,market_positive,bullish,373.25,1.995882573124432,bullish,True,2024-06-05,0.0,0.0,True,True
20240606T123000,2024-06-06 12:30:00,Initial Jobless Clm*,jobless_claims,labor,positive,market_negative,bearish,-14.0,-0.0733973812862891,bearish,True,2024-06-06,2024-06-06 12:30:00,Initial Jobless Clm*,jobless_claims,labor,positive,market_negative,bearish,-14.0,-0.0733973812862891,bearish,True,2024-06-06,0.0,0.0,True,True
20240607T123000,2024-06-07 12:30:00,Non-Farm Payrolls* | Unemployment Rate*,nonfarm_payrolls,labor,positive,market_negative,bearish,-22.5,-0.1180467202686218,bearish,True,2024-06-07,2024-06-07 12:30:00,Non-Farm Payrolls* | Unemployment Rate*,nonfarm_payrolls,labor,positive,market_negative,bearish,-22.5,-0.1180467202686218,bearish,True,2024-06-07,0.0,0.0,True,True
20240612T123000,2024-06-12 12:30:00,"CPI MM, SA* | CPI YY, NSA* | Core CPI MM, SA* | Core CPI YY, NSA*",core_cpi,inflation,negative,market_positive,bullish,254.25,1.3213111772271957,bullish,True,2024-06-12,2024-06-12 12:30:00,"CPI MM, SA* | CPI YY, NSA* | Core CPI MM, SA* | Core CPI YY, NSA*",core_cpi,inflation,negative,market_positive,bullish,254.25,1.3213111772271957,bullish,True,2024-06-12,0.0,0.0,True,True
20240612T180000,2024-06-12 18:00:00,Fed Funds Tgt Rate *,fomc_rates,central_bank,flat,market_neutral,mixed,254.25,1.3213111772271957,bullish,False,2024-06-12,2024-06-12 18:00:00,Fed Funds Tgt Rate *,fomc_rates,central_bank,flat,market_neutral,mixed,254.25,1.3213111772271957,bullish,False,2024-06-12,0.0,0.0,True,True
20240613T123000,2024-06-13 12:30:00,Initial Jobless Clm*,jobless_claims,labor,positive,market_negative,bearish,106.0,0.543687328494858,bullish,False,2024-06-13,2024-06-13 12:30:00,Initial Jobless Clm*,jobless_claims,labor,positive,market_negative,bearish,106.0,0.543687328494858,bullish,False,2024-06-13,0.0,0.0,True,True
20240618T123000,2024-06-18 12:30:00,Retail Sales MM *,retail_sales,growth,negative,market_negative,bearish,-2.0,-0.010039530651942,mixed,False,2024-06-18,2024-06-18 12:30:00,Retail Sales MM *,retail_sales,growth,negative,market_negative,bearish,-2.0,-0.010039530651942,mixed,False,2024-06-18,0.0,0.0,True,True
20240620T123000,2024-06-20 12:30:00,Building Permits: Number * | Initial Jobless Clm*,jobless_claims,labor,mixed,market_negative,bearish,-156.0,-0.7831620166421929,bearish,True,2024-06-20,2024-06-20 12:30:00,Building Permits: Number * | Initial Jobless Clm*,jobless_claims,labor,mixed,market_negative,bearish,-156.0,-0.7831620166421929,bearish,True,2024-06-20,0.0,0.0,True,True
20240621T134500,2024-06-21 13:45:00,S&P Global Comp Flash PMI,ism_pmi,growth,flat,market_neutral,mixed,-15.9609375,-0.0807606921938446,bearish,False,2024-06-21,2024-06-21 13:45:00,S&P Global Comp Flash PMI,ism_pmi,growth,flat,market_neutral,mixed,-16.0,-0.0809583444018569,bearish,False,2024-06-21,-0.0390625,0.0390625,True,True
20240621T140000,2024-06-21 14:00:00,Existing Home Sales,home_sales,growth,positive,market_positive,bullish,-15.9609375,-0.0807606921938446,bearish,False,2024-06-21,2024-06-21 14:00:00,Existing Home Sales,home_sales,growth,positive,market_positive,bullish,-16.0,-0.0809583444018569,bearish,False,2024-06-21,-0.0390625,0.0390625,True,True
20240627T123000,2024-06-27 12:30:00,GDP Cons Spending Final* | GDP Final* | Initial Jobless Clm*,jobless_claims,labor,mixed,market_mixed,mixed,27.0,0.1349156777014366,bullish,False,2024-06-27,2024-06-27 12:30:00,GDP Cons Spending Final* | GDP Final* | Initial Jobless Clm*,jobless_claims,labor,mixed,market_mixed,mixed,27.0,0.1349156777014366,bullish,False,2024-06-27,0.0,0.0,True,True
20240701T140000,2024-07-01 14:00:00,ISM Manufacturing PMI,ism_pmi,growth,negative,market_negative,bearish,124.75,0.6260271738448606,bullish,False,2024-07-01,2024-07-01 14:00:00,ISM Manufacturing PMI,ism_pmi,growth,negative,market_negative,bearish,124.75,0.6260271738448606,bullish,False,2024-07-01,0.0,0.0,True,True
20240702T140000,2024-07-02 14:00:00,JOLTS Job Openings*,jolts_job_openings,labor,positive,market_negative,bearish,203.25,1.0136146020347097,bullish,False,2024-07-02,2024-07-02 14:00:00,JOLTS Job Openings*,jolts_job_openings,labor,positive,market_negative,bearish,203.25,1.0136146020347097,bullish,False,2024-07-02,0.0,0.0,True,True
20240703T121500,2024-07-03 12:15:00,ADP National Employment*,adp_employment,labor,negative,market_positive,bullish,156.25,0.7714049443971316,bullish,True,2024-07-03,2024-07-03 12:15:00,ADP National Employment*,adp_employment,labor,negative,market_positive,bullish,156.25,0.7714049443971316,bullish,True,2024-07-03,0.0,0.0,True,True
20240703T123000,2024-07-03 12:30:00,Initial Jobless Clm*,jobless_claims,labor,positive,market_negative,bearish,156.25,0.7714049443971316,bullish,False,2024-07-03,2024-07-03 12:30:00,Initial Jobless Clm*,jobless_claims,labor,positive,market_negative,bearish,156.25,0.7714049443971316,bullish,False,2024-07-03,0.0,0.0,True,True
20240703T134500,2024-07-03 13:45:00,S&P Global Comp Final PMI,ism_pmi,growth,positive,market_positive,bullish,156.25,0.7714049443971316,bullish,True,2024-07-03,2024-07-03 13:45:00,S&P Global Comp Final PMI,ism_pmi,growth,positive,market_positive,bullish,156.25,0.7714049443971316,bullish,True,2024-07-03,0.0,0.0,True,True
20240703T140000,2024-07-03 14:00:00,ISM N-Mfg PMI,ism_pmi,growth,negative,market_negative,bearish,156.25,0.7714049443971316,bullish,False,2024-07-03,2024-07-03 14:00:00,ISM N-Mfg PMI,ism_pmi,growth,negative,market_negative,bearish,156.25,0.7714049443971316,bullish,False,2024-07-03,0.0,0.0,True,True
20240705T123000,2024-07-05 12:30:00,Non-Farm Payrolls* | Unemployment Rate*,nonfarm_payrolls,labor,mixed,market_mixed,mixed,209.25,1.0251573867672634,bullish,False,2024-07-05,2024-07-05 12:30:00,Non-Farm Payrolls* | Unemployment Rate*,nonfarm_payrolls,labor,mixed,market_mixed,mixed,209.25,1.0251573867672634,bullish,False,2024-07-05,0.0,0.0,True,True
20240711T123000,2024-07-11 12:30:00,"CPI MM, SA* | CPI YY, NSA* | Core CPI MM, SA* | Core CPI YY, NSA* | Initial Jobless Clm*",core_cpi,inflation,negative,market_positive,bullish,-458.0,-2.1914137728920204,bearish,False,2024-07-11,2024-07-11 12:30:00,"CPI MM, SA* | CPI YY, NSA* | Core CPI MM, SA* | Core CPI YY, NSA* | Initial Jobless Clm*",core_cpi,inflation,negative,market_positive,bullish,-458.0,-2.1914137728920204,bearish,False,2024-07-11,0.0,0.0,True,True
20240716T123000,2024-07-16 12:30:00,Retail Sales MM *,retail_sales,growth,flat,market_neutral,mixed,14.25,0.0692293678265622,bullish,False,2024-07-16,2024-07-16 12:30:00,Retail Sales MM *,retail_sales,growth,flat,market_neutral,mixed,14.25,0.0692293678265622,bullish,False,2024-07-16,0.0,0.0,True,True
20240717T123000,2024-07-17 12:30:00,Building Permits: Number *,other,other,positive,market_neutral,mixed,-600.5,-2.915331585590834,bearish,False,2024-07-17,2024-07-17 12:30:00,Building Permits: Number *,other,other,positive,market_neutral,mixed,-600.5,-2.915331585590834,bearish,False,2024-07-17,0.0,0.0,True,True
20240718T123000,2024-07-18 12:30:00,Initial Jobless Clm*,jobless_claims,labor,positive,market_negative,bearish,-98.25,-0.4913114139267408,bearish,True,2024-07-18,2024-07-18 12:30:00,Initial Jobless Clm*,jobless_claims,labor,positive,market_negative,bearish,-98.25,-0.4913114139267408,bearish,True,2024-07-18,0.0,0.0,True,True
20240723T140000,2024-07-23 14:00:00,Existing Home Sales,home_sales,growth,negative,market_negative,bearish,-76.0,-0.3799810009499525,bearish,True,2024-07-23,2024-07-23 14:00:00,Existing Home Sales,home_sales,growth,negative,market_negative,bearish,-76.0,-0.3799810009499525,bearish,True,2024-07-23,0.0,0.0,True,True
20240724T134500,2024-07-24 13:45:00,S&P Global Comp Flash PMI,ism_pmi,growth,flat,market_neutral,mixed,-721.75,-3.6223337515683816,bearish,False,2024-07-24,2024-07-24 13:45:00,S&P Global Comp Flash PMI,ism_pmi,growth,flat,market_neutral,mixed,-721.75,-3.6223337515683816,bearish,False,2024-07-24,0.0,0.0,True,True
20240725T123000,2024-07-25 12:30:00,Initial Jobless Clm*,jobless_claims,labor,negative,market_positive,bullish,-211.0,-1.0987723432231522,bearish,False,2024-07-25,2024-07-25 12:30:00,Initial Jobless Clm*,jobless_claims,labor,negative,market_positive,bullish,-211.0,-1.0987723432231522,bearish,False,2024-07-25,0.0,0.0,True,True
20240730T140000,2024-07-30 14:00:00,JOLTS Job Openings*,jolts_job_openings,labor,negative,market_positive,bullish,-273.0,-1.421190311959082,bearish,False,2024-07-30,2024-07-30 14:00:00,JOLTS Job Openings*,jolts_job_openings,labor,negative,market_positive,bullish,-273.0,-1.421190311959082,bearish,False,2024-07-30,0.0,0.0,True,True
20240731T121500,2024-07-31 12:15:00,ADP National Employment*,adp_employment,labor,negative,market_positive,bullish,569.0,3.004818799920787,bullish,True,2024-07-31,2024-07-31 12:15:00,ADP National Employment*,adp_employment,labor,negative,market_positive,bullish,569.0,3.004818799920787,bullish,True,2024-07-31,0.0,0.0,True,True
20240731T180000,2024-07-31 18:00:00,Fed Funds Tgt Rate *,fomc_rates,central_bank,flat,market_neutral,mixed,569.0,3.004818799920787,bullish,False,2024-07-31,2024-07-31 18:00:00,Fed Funds Tgt Rate *,fomc_rates,central_bank,flat,market_neutral,mixed,569.0,3.004818799920787,bullish,False,2024-07-31,0.0,0.0,True,True
20240801T123000,2024-08-01 12:30:00,Initial Jobless Clm*,jobless_claims,labor,positive,market_negative,bearish,-482.0,-2.4711295676804963,bearish,True,2024-08-01,2024-08-01 12:30:00,Initial Jobless Clm*,jobless_claims,labor,positive,market_negative,bearish,-482.0,-2.4711295676804963,bearish,True,2024-08-01,0.0,0.0,True,True
20240801T140000,2024-08-01 14:00:00,ISM Manufacturing PMI,ism_pmi,growth,negative,market_negative,bearish,-482.0,-2.4711295676804963,bearish,True,2024-08-01,2024-08-01 14:00:00,ISM Manufacturing PMI,ism_pmi,growth,negative,market_negative,bearish,-482.0,-2.4711295676804963,bearish,True,2024-08-01,0.0,0.0,True,True
20240802T123000,2024-08-02 12:30:00,Non-Farm Payrolls* | Unemployment Rate*,nonfarm_payrolls,labor,mixed,market_mixed,mixed,-467.0,-2.454890725822349,bearish,False,2024-08-02,2024-08-02 12:30:00,Non-Farm Payrolls* | Unemployment Rate*,nonfarm_payrolls,labor,mixed,market_mixed,mixed,-467.0,-2.454890725822349,bearish,False,2024-08-02,0.0,0.0,True,True
20240805T134500,2024-08-05 13:45:00,S&P Global Comp Final PMI,ism_pmi,growth,negative,market_negative,bearish,-543.0,-2.9262377905018524,bearish,True,2024-08-05,2024-08-05 13:45:00,S&P Global Comp Final PMI,ism_pmi,growth,negative,market_negative,bearish,-543.0,-2.9262377905018524,bearish,True,2024-08-05,0.0,0.0,True,True
20240805T140000,2024-08-05 14:00:00,ISM N-Mfg PMI,ism_pmi,growth,positive,market_positive,bullish,-543.0,-2.9262377905018524,bearish,False,2024-08-05,2024-08-05 14:00:00,ISM N-Mfg PMI,ism_pmi,growth,positive,market_positive,bullish,-543.0,-2.9262377905018524,bearish,False,2024-08-05,0.0,0.0,True,True
20240808T123000,2024-08-08 12:30:00,Initial Jobless Clm*,jobless_claims,labor,negative,market_positive,bullish,558.75,3.109954637798124,bullish,True,2024-08-08,2024-08-08 12:30:00,Initial Jobless Clm*,jobless_claims,labor,negative,market_positive,bullish,558.75,3.109954637798124,bullish,True,2024-08-08,0.0,0.0,True,True
20240814T123000,2024-08-14 12:30:00,"CPI MM, SA* | CPI YY, NSA* | Core CPI MM, SA* | Core CPI YY, NSA*",core_cpi,inflation,negative,market_positive,bullish,10.75,0.0562702016566994,bullish,True,2024-08-14,2024-08-14 12:30:00,"CPI MM, SA* | CPI YY, NSA* | Core CPI MM, SA* | Core CPI YY, NSA*",core_cpi,inflation,negative,market_positive,bullish,10.75,0.0562702016566994,bullish,True,2024-08-14,0.0,0.0,True,True
20240815T123000,2024-08-15 12:30:00,Initial Jobless Clm* | Retail Sales MM *,jobless_claims,labor,mixed,market_positive,bullish,466.25,2.4391838869997384,bullish,True,2024-08-15,2024-08-15 12:30:00,Initial Jobless Clm* | Retail Sales MM *,jobless_claims,labor,mixed,market_positive,bullish,466.25,2.4391838869997384,bullish,True,2024-08-15,0.0,0.0,True,True
20240816T123000,2024-08-16 12:30:00,Building Permits: Number *,other,other,negative,market_neutral,mixed,24.5,0.1251196935844238,bullish,False,2024-08-16,2024-08-16 12:30:00,Building Permits: Number *,other,other,negative,market_neutral,mixed,24.5,0.1251196935844238,bullish,False,2024-08-16,0.0,0.0,True,True
20240822T123000,2024-08-22 12:30:00,Initial Jobless Clm*,jobless_claims,labor,positive,market_negative,bearish,-331.25,-1.6637785981566586,bearish,True,2024-08-22,2024-08-22 12:30:00,Initial Jobless Clm*,jobless_claims,labor,positive,market_negative,bearish,-331.25,-1.6637785981566586,bearish,True,2024-08-22,0.0,0.0,True,True
20240822T134500,2024-08-22 13:45:00,S&P Global Comp Flash PMI,ism_pmi,growth,positive,market_positive,bullish,-331.25,-1.6637785981566586,bearish,False,2024-08-22,2024-08-22 13:45:00,S&P Global Comp Flash PMI,ism_pmi,growth,positive,market_positive,bullish,-331.25,-1.6637785981566586,bearish,False,2024-08-22,0.0,0.0,True,True
20240822T140000,2024-08-22 14:00:00,Existing Home Sales,home_sales,growth,positive,market_positive,bullish,-331.25,-1.6637785981566586,bearish,False,2024-08-22,2024-08-22 14:00:00,Existing Home Sales,home_sales,growth,positive,market_positive,bullish,-331.25,-1.6637785981566586,bearish,False,2024-08-22,0.0,0.0,True,True
20240829T123000,2024-08-29 12:30:00,Initial Jobless Clm*,jobless_claims,labor,flat,market_neutral,mixed,-22.5,-0.1158852993059758,bearish,False,2024-08-29,2024-08-29 12:30:00,Initial Jobless Clm*,jobless_claims,labor,flat,market_neutral,mixed,-22.5,-0.1158852993059758,bearish,False,2024-08-29,0.0,0.0,True,True
20240903T140000,2024-09-03 14:00:00,ISM Manufacturing PMI,ism_pmi,growth,negative,market_negative,bearish,-616.5,-3.141721449319676,bearish,True,2024-09-03,2024-09-03 14:00:00,ISM Manufacturing PMI,ism_pmi,growth,negative,market_negative,bearish,-616.5,-3.141721449319676,bearish,True,2024-09-03,0.0,0.0,True,True
20240904T140000,2024-09-04 14:00:00,JOLTS Job Openings*,jolts_job_openings,labor,negative,market_positive,bullish,-44.0,-0.231499750085497,bearish,False,2024-09-04,2024-09-04 14:00:00,JOLTS Job Openings*,jolts_job_openings,labor,negative,market_positive,bullish,-44.0,-0.231499750085497,bearish,False,2024-09-04,0.0,0.0,True,True
20240905T121500,2024-09-05 12:15:00,ADP National Employment*,adp_employment,labor,negative,market_positive,bullish,1.0,0.005273566249176,mixed,False,2024-09-05,2024-09-05 12:15:00,ADP National Employment*,adp_employment,labor,negative,market_positive,bullish,1.0,0.005273566249176,mixed,False,2024-09-05,0.0,0.0,True,True
20240905T123000,2024-09-05 12:30:00,Initial Jobless Clm*,jobless_claims,labor,negative,market_positive,bullish,1.0,0.005273566249176,mixed,False,2024-09-05,2024-09-05 12:30:00,Initial Jobless Clm*,jobless_claims,labor,negative,market_positive,bullish,1.0,0.005273566249176,mixed,False,2024-09-05,0.0,0.0,True,True
20240905T134500,2024-09-05 13:45:00,S&P Global Comp Final PMI,ism_pmi,growth,positive,market_positive,bullish,1.0,0.005273566249176,mixed,False,2024-09-05,2024-09-05 13:45:00,S&P Global Comp Final PMI,ism_pmi,growth,positive,market_positive,bullish,1.0,0.005273566249176,mixed,False,2024-09-05,0.0,0.0,True,True
20240905T140000,2024-09-05 14:00:00,ISM N-Mfg PMI,ism_pmi,growth,positive,market_positive,bullish,1.0,0.005273566249176,mixed,False,2024-09-05,2024-09-05 14:00:00,ISM N-Mfg PMI,ism_pmi,growth,positive,market_positive,bullish,1.0,0.005273566249176,mixed,False,2024-09-05,0.0,0.0,True,True
20240906T123000,2024-09-06 12:30:00,Non-Farm Payrolls* | Unemployment Rate*,nonfarm_payrolls,labor,negative,market_positive,bullish,-505.25,-2.664328842249585,bearish,False,2024-09-06,2024-09-06 12:30:00,Non-Farm Payrolls* | Unemployment Rate*,nonfarm_payrolls,labor,negative,market_positive,bullish,-505.25,-2.664328842249585,bearish,False,2024-09-06,0.0,0.0,True,True
20240911T123000,2024-09-11 12:30:00,"CPI MM, SA* | CPI YY, NSA* | Core CPI MM, SA* | Core CPI YY, NSA*",core_cpi,inflation,negative,market_positive,bullish,407.0,2.15754877014419,bullish,True,2024-09-11,2024-09-11 12:30:00,"CPI MM, SA* | CPI YY, NSA* | Core CPI MM, SA* | Core CPI YY, NSA*",core_cpi,inflation,negative,market_positive,bullish,407.0,2.15754877014419,bullish,True,2024-09-11,0.0,0.0,True,True
20240912T123000,2024-09-12 12:30:00,Initial Jobless Clm*,jobless_claims,labor,positive,market_negative,bearish,176.25,0.9145866846557004,bullish,False,2024-09-12,2024-09-12 12:30:00,Initial Jobless Clm*,jobless_claims,labor,positive,market_negative,bearish,176.25,0.9145866846557004,bullish,False,2024-09-12,0.0,0.0,True,True
20240917T123000,2024-09-17 12:30:00,Retail Sales MM *,retail_sales,growth,positive,market_positive,bullish,6.25,0.032161786651572,mixed,False,2024-09-17,2024-09-17 12:30:00,Retail Sales MM *,retail_sales,growth,positive,market_positive,bullish,6.25,0.032161786651572,mixed,False,2024-09-17,0.0,0.0,True,True
20240918T123000,2024-09-18 12:30:00,Building Permits: Number *,other,other,positive,market_neutral,mixed,-90.0,-0.462980824877503,bearish,False,2024-09-18,2024-09-18 12:30:00,Building Permits: Number *,other,other,positive,market_neutral,mixed,-90.0,-0.462980824877503,bearish,False,2024-09-18,0.0,0.0,True,True
20240918T180000,2024-09-18 18:00:00,Fed Funds Tgt Rate *,fomc_rates,central_bank,negative,market_positive,bullish,-90.0,-0.462980824877503,bearish,False,2024-09-18,2024-09-18 18:00:00,Fed Funds Tgt Rate *,fomc_rates,central_bank,negative,market_positive,bullish,-90.0,-0.462980824877503,bearish,False,2024-09-18,0.0,0.0,True,True
20240919T123000,2024-09-19 12:30:00,Initial Jobless Clm*,jobless_claims,labor,negative,market_positive,bullish,501.0,2.589247645257568,bullish,True,2024-09-19,2024-09-19 12:30:00,Initial Jobless Clm*,jobless_claims,labor,negative,market_positive,bullish,501.0,2.589247645257568,bullish,True,2024-09-19,0.0,0.0,True,True
20240919T140000,2024-09-19 14:00:00,Existing Home Sales,home_sales,growth,negative,market_negative,bearish,501.0,2.589247645257568,bullish,False,2024-09-19,2024-09-19 14:00:00,Existing Home Sales,home_sales,growth,negative,market_negative,bearish,501.0,2.589247645257568,bullish,False,2024-09-19,0.0,0.0,True,True
20240923T134500,2024-09-23 13:45:00,S&P Global Comp Flash PMI,ism_pmi,growth,flat,market_neutral,mixed,271.990234375,1.3731325741115816,bullish,False,2024-09-23,2024-09-23 13:45:00,S&P Global Comp Flash PMI,ism_pmi,growth,flat,market_neutral,mixed,272.0,1.3731825525040386,bullish,False,2024-09-23,0.009765625,0.009765625,True,True
20240926T123000,2024-09-26 12:30:00,GDP Cons Spending Final* | GDP Final* | Initial Jobless Clm*,jobless_claims,labor,positive,market_mixed,mixed,154.25,0.7639164025356576,bullish,False,2024-09-26,2024-09-26 12:30:00,GDP Cons Spending Final* | GDP Final* | Initial Jobless Clm*,jobless_claims,labor,positive,market_mixed,mixed,154.25,0.7639164025356576,bullish,False,2024-09-26,0.0,0.0,True,True
20241101T123000,2024-11-01 12:30:00,Non-Farm Payrolls* | Unemployment Rate*,nonfarm_payrolls,labor,negative,market_positive,bullish,131.5,0.6567857455017668,bullish,True,2024-11-01,2024-11-01 12:30:00,Non-Farm Payrolls* | Unemployment Rate*,nonfarm_payrolls,labor,negative,market_positive,bullish,131.5,0.6567857455017668,bullish,True,2024-11-01,0.0,0.0,True,True
20250124T144500,2025-01-24 14:45:00,S&P Global Comp Flash PMI,ism_pmi,growth,negative,market_negative,bearish,-127.0,-0.5762708019012398,bearish,True,2025-01-24,2025-01-24 14:45:00,S&P Global Comp Flash PMI,ism_pmi,growth,negative,market_negative,bearish,-127.0,-0.5762708019012398,bearish,True,2025-01-24,0.0,0.0,True,True
20250203T150000,2025-02-03 15:00:00,ISM Manufacturing PMI,ism_pmi,growth,positive,market_positive,bullish,-184.25,-0.85343400071795,bearish,False,2025-02-03,2025-02-03 15:00:00,ISM Manufacturing PMI,ism_pmi,growth,positive,market_positive,bullish,-184.25,-0.85343400071795,bearish,False,2025-02-03,0.0,0.0,True,True
20250213T133000,2025-02-13 13:30:00,Initial Jobless Clm*,jobless_claims,labor,negative,market_positive,bullish,308.5,1.4148293376443206,bullish,True,2025-02-13,2025-02-13 13:30:00,Initial Jobless Clm*,jobless_claims,labor,negative,market_positive,bullish,308.5,1.4148293376443206,bullish,True,2025-02-13,0.0,0.0,True,True
20250221T144500,2025-02-21 14:45:00,S&P Global Comp PMI Flash,ism_pmi,growth,negative,market_negative,bearish,-462.5,-2.0888141181252613,bearish,True,2025-02-21,2025-02-21 14:45:00,S&P Global Comp PMI Flash,ism_pmi,growth,negative,market_negative,bearish,-462.5,-2.0888141181252613,bearish,True,2025-02-21,0.0,0.0,True,True
20250303T150000,2025-03-03 15:00:00,ISM Manufacturing PMI,ism_pmi,growth,negative,market_negative,bearish,-451.25,-2.157078324051722,bearish,True,2025-03-03,2025-03-03 15:00:00,ISM Manufacturing PMI,ism_pmi,growth,negative,market_negative,bearish,-451.25,-2.157078324051722,bearish,True,2025-03-03,0.0,0.0,True,True
20250306T133000,2025-03-06 13:30:00,Initial Jobless Clm*,jobless_claims,labor,negative,market_positive,bullish,-575.75,-2.7861117832083235,bearish,False,2025-03-06,2025-03-06 13:30:00,Initial Jobless Clm*,jobless_claims,labor,negative,market_positive,bullish,-575.75,-2.7861117832083235,bearish,False,2025-03-06,0.0,0.0,True,True
20250307T133000,2025-03-07 13:30:00,Non-Farm Payrolls* | Unemployment Rate*,nonfarm_payrolls,labor,mixed,market_mixed,mixed,140.5,0.6993790211182598,bullish,False,2025-03-07,2025-03-07 13:30:00,Non-Farm Payrolls* | Unemployment Rate*,nonfarm_payrolls,labor,mixed,market_mixed,mixed,140.5,0.6993790211182598,bullish,False,2025-03-07,0.0,0.0,True,True
20250430T121500,2025-04-30 12:15:00,ADP National Employment,adp_employment,labor,negative,market_positive,bullish,16.5,0.0840036656144995,bullish,True,2025-04-30,2025-04-30 12:15:00,ADP National Employment,adp_employment,labor,negative,market_positive,bullish,16.5,0.0840036656144995,bullish,True,2025-04-30,0.0,0.0,True,True
20250522T123000,2025-05-22 12:30:00,Initial Jobless Clm,jobless_claims,labor,negative,market_positive,bullish,21.5,0.1016224136504898,bullish,True,2025-05-22,2025-05-22 12:30:00,Initial Jobless Clm,jobless_claims,labor,negative,market_positive,bullish,21.5,0.1016224136504898,bullish,True,2025-05-22,0.0,0.0,True,True
20250604T121500,2025-06-04 12:15:00,ADP National Employment,adp_employment,labor,negative,market_positive,bullish,60.5,0.2787247765594766,bullish,True,2025-06-04,2025-06-04 12:15:00,ADP National Employment,adp_employment,labor,negative,market_positive,bullish,60.5,0.2787247765594766,bullish,True,2025-06-04,0.0,0.0,True,True
20250606T123000,2025-06-06 12:30:00,Non-Farm Payrolls | Unemployment Rate,nonfarm_payrolls,labor,positive,market_negative,bearish,207.25,0.9602798596068528,bullish,False,2025-06-06,2025-06-06 12:30:00,Non-Farm Payrolls | Unemployment Rate,nonfarm_payrolls,labor,positive,market_negative,bearish,207.25,0.9602798596068528,bullish,False,2025-06-06,0.0,0.0,True,True
20250723T140000,2025-07-23 14:00:00,Existing Home Sales,home_sales,growth,negative,market_negative,bearish,84.5,0.3638124966363489,bullish,False,2025-07-23,2025-07-23 14:00:00,Existing Home Sales,home_sales,growth,negative,market_negative,bearish,84.5,0.3638124966363489,bullish,False,2025-07-23,0.0,0.0,True,True
20250724T123000,2025-07-24 12:30:00,Initial Jobless Clm,jobless_claims,labor,negative,market_positive,bullish,66.75,0.2863485730832341,bullish,True,2025-07-24,2025-07-24 12:30:00,Initial Jobless Clm,jobless_claims,labor,negative,market_positive,bullish,66.75,0.2863485730832341,bullish,True,2025-07-24,0.0,0.0,True,True
20250724T134500,2025-07-24 13:45:00,S&P Global Comp PMI Flash,ism_pmi,growth,positive,market_positive,bullish,66.75,0.2863485730832341,bullish,True,2025-07-24,2025-07-24 13:45:00,S&P Global Comp PMI Flash,ism_pmi,growth,positive,market_positive,bullish,66.75,0.2863485730832341,bullish,True,2025-07-24,0.0,0.0,True,True
20250729T140000,2025-07-29 14:00:00,JOLTS Job Openings,jolts_job_openings,labor,negative,market_positive,bullish,-39.25,-0.1670834885329644,bearish,False,2025-07-29,2025-07-29 14:00:00,JOLTS Job Openings,jolts_job_openings,labor,negative,market_positive,bullish,-39.25,-0.1670834885329644,bearish,False,2025-07-29,0.0,0.0,True,True
20250730T121500,2025-07-30 12:15:00,ADP National Employment,adp_employment,labor,positive,market_negative,bearish,28.5,0.1215248166467678,bullish,False,2025-07-30,2025-07-30 12:15:00,ADP National Employment,adp_employment,labor,positive,market_negative,bearish,28.5,0.1215248166467678,bullish,False,2025-07-30,0.0,0.0,True,True
20250730T180000,2025-07-30 18:00:00,Fed Funds Tgt Rate,fomc_rates,central_bank,flat,market_neutral,mixed,28.5,0.1215248166467678,bullish,False,2025-07-30,2025-07-30 18:00:00,Fed Funds Tgt Rate,fomc_rates,central_bank,flat,market_neutral,mixed,28.5,0.1215248166467678,bullish,False,2025-07-30,0.0,0.0,True,True
20250731T123000,2025-07-31 12:30:00,Initial Jobless Clm,jobless_claims,labor,negative,market_positive,bullish,-115.5,-0.4918975319946338,bearish,False,2025-07-31,2025-07-31 12:30:00,Initial Jobless Clm,jobless_claims,labor,negative,market_positive,bullish,-115.5,-0.4918975319946338,bearish,False,2025-07-31,0.0,0.0,True,True
20250801T123000,2025-08-01 12:30:00,Non-Farm Payrolls | Unemployment Rate,nonfarm_payrolls,labor,negative,market_positive,bullish,-481.25,-2.059704686496897,bearish,False,2025-08-01,2025-08-01 12:30:00,Non-Farm Payrolls | Unemployment Rate,nonfarm_payrolls,labor,negative,market_positive,bullish,-481.25,-2.059704686496897,bearish,False,2025-08-01,0.0,0.0,True,True
20250801T140000,2025-08-01 14:00:00,ISM Manufacturing PMI,ism_pmi,growth,negative,market_negative,bearish,-481.25,-2.059704686496897,bearish,True,2025-08-01,2025-08-01 14:00:00,ISM Manufacturing PMI,ism_pmi,growth,negative,market_negative,bearish,-481.25,-2.059704686496897,bearish,True,2025-08-01,0.0,0.0,True,True
20250805T134500,2025-08-05 13:45:00,S&P Global Comp PMI Final,ism_pmi,growth,positive,market_positive,bullish,-164.5,-0.7061146524155989,bearish,False,2025-08-05,2025-08-05 13:45:00,S&P Global Comp PMI Final,ism_pmi,growth,positive,market_positive,bullish,-164.5,-0.7061146524155989,bearish,False,2025-08-05,0.0,0.0,True,True
20250805T140000,2025-08-05 14:00:00,ISM N-Mfg PMI,ism_pmi,growth,negative,market_negative,bearish,-164.5,-0.7061146524155989,bearish,True,2025-08-05,2025-08-05 14:00:00,ISM N-Mfg PMI,ism_pmi,growth,negative,market_negative,bearish,-164.5,-0.7061146524155989,bearish,True,2025-08-05,0.0,0.0,True,True
20250807T123000,2025-08-07 12:30:00,Initial Jobless Clm,jobless_claims,labor,positive,market_negative,bearish,73.5,0.313797483216104,bullish,False,2025-08-07,2025-08-07 12:30:00,Initial Jobless Clm,jobless_claims,labor,positive,market_negative,bearish,73.5,0.313797483216104,bullish,False,2025-08-07,0.0,0.0,True,True
20250812T123000,2025-08-12 12:30:00,"CPI MM, SA | CPI YY, NSA | Core CPI MM, SA | Core CPI YY, NSA",core_cpi,inflation,mixed,market_mixed,mixed,300.5,1.2712850343733475,bullish,False,2025-08-12,2025-08-12 12:30:00,"CPI MM, SA | CPI YY, NSA | Core CPI MM, SA | Core CPI YY, NSA",core_cpi,inflation,mixed,market_mixed,mixed,300.5,1.2712850343733475,bullish,False,2025-08-12,0.0,0.0,True,True
20250814T123000,2025-08-14 12:30:00,Initial Jobless Clm,jobless_claims,labor,negative,market_positive,bullish,-16.0,-0.0668156097968387,bearish,False,2025-08-14,2025-08-14 12:30:00,Initial Jobless Clm,jobless_claims,labor,negative,market_positive,bullish,-16.0,-0.0668156097968387,bearish,False,2025-08-14,0.0,0.0,True,True
20250815T123000,2025-08-15 12:30:00,Retail Sales MM,retail_sales,growth,flat,market_neutral,mixed,-126.5,-0.5286141116984601,bearish,False,2025-08-15,2025-08-15 12:30:00,Retail Sales MM,retail_sales,growth,flat,market_neutral,mixed,-126.5,-0.5286141116984601,bearish,False,2025-08-15,0.0,0.0,True,True
20250819T123000,2025-08-19 12:30:00,Building Permits: Number,other,other,negative,market_neutral,mixed,-328.25,-1.3793320797134183,bearish,False,2025-08-19,2025-08-19 12:30:00,Building Permits: Number,other,other,negative,market_neutral,mixed,-328.25,-1.3793320797134183,bearish,False,2025-08-19,0.0,0.0,True,True
20250821T123000,2025-08-21 12:30:00,Initial Jobless Clm,jobless_claims,labor,positive,market_negative,bearish,-104.25,-0.4469645000857485,bearish,True,2025-08-21,2025-08-21 12:30:00,Initial Jobless Clm,jobless_claims,labor,positive,market_negative,bearish,-104.25,-0.4469645000857485,bearish,True,2025-08-21,0.0,0.0,True,True
20250821T134500,2025-08-21 13:45:00,S&P Global Comp PMI Flash,ism_pmi,growth,positive,market_positive,bullish,-104.25,-0.4469645000857485,bearish,False,2025-08-21,2025-08-21 13:45:00,S&P Global Comp PMI Flash,ism_pmi,growth,positive,market_positive,bullish,-104.25,-0.4469645000857485,bearish,False,2025-08-21,0.0,0.0,True,True
20250821T140000,2025-08-21 14:00:00,Existing Home Sales,home_sales,growth,positive,market_positive,bullish,-104.25,-0.4469645000857485,bearish,False,2025-08-21,2025-08-21 14:00:00,Existing Home Sales,home_sales,growth,positive,market_positive,bullish,-104.25,-0.4469645000857485,bearish,False,2025-08-21,0.0,0.0,True,True
20250828T123000,2025-08-28 12:30:00,Initial Jobless Clm,jobless_claims,labor,negative,market_positive,bullish,140.25,0.5935565783209015,bullish,True,2025-08-28,2025-08-28 12:30:00,Initial Jobless Clm,jobless_claims,labor,negative,market_positive,bullish,140.25,0.5935565783209015,bullish,True,2025-08-28,0.0,0.0,True,True
20250902T140000,2025-09-02 14:00:00,ISM Manufacturing PMI,ism_pmi,growth,negative,market_negative,bearish,-186.75,-0.7959764297207156,bearish,True,2025-09-02,2025-09-02 14:00:00,ISM Manufacturing PMI,ism_pmi,growth,negative,market_negative,bearish,-186.75,-0.7959764297207156,bearish,True,2025-09-02,0.0,0.0,True,True
20250903T140000,2025-09-03 14:00:00,JOLTS Job Openings,jolts_job_openings,labor,negative,market_positive,bullish,173.75,0.7465091299677766,bullish,True,2025-09-03,2025-09-03 14:00:00,JOLTS Job Openings,jolts_job_openings,labor,negative,market_positive,bullish,173.75,0.7465091299677766,bullish,True,2025-09-03,0.0,0.0,True,True
20250904T121500,2025-09-04 12:15:00,ADP National Employment,adp_employment,labor,negative,market_positive,bullish,219.25,0.9350178580947812,bullish,True,2025-09-04,2025-09-04 12:15:00,ADP National Employment,adp_employment,labor,negative,market_positive,bullish,219.25,0.9350178580947812,bullish,True,2025-09-04,0.0,0.0,True,True
20250904T123000,2025-09-04 12:30:00,Initial Jobless Clm,jobless_claims,labor,positive,market_negative,bearish,219.25,0.9350178580947812,bullish,False,2025-09-04,2025-09-04 12:30:00,Initial Jobless Clm,jobless_claims,labor,positive,market_negative,bearish,219.25,0.9350178580947812,bullish,False,2025-09-04,0.0,0.0,True,True
20250904T134500,2025-09-04 13:45:00,S&P Global Comp PMI Final,ism_pmi,growth,flat,market_neutral,mixed,219.25,0.9350178580947812,bullish,False,2025-09-04,2025-09-04 13:45:00,S&P Global Comp PMI Final,ism_pmi,growth,flat,market_neutral,mixed,219.25,0.9350178580947812,bullish,False,2025-09-04,0.0,0.0,True,True
20250904T140000,2025-09-04 14:00:00,ISM N-Mfg PMI,ism_pmi,growth,positive,market_positive,bullish,219.25,0.9350178580947812,bullish,True,2025-09-04,2025-09-04 14:00:00,ISM N-Mfg PMI,ism_pmi,growth,positive,market_positive,bullish,219.25,0.9350178580947812,bullish,True,2025-09-04,0.0,0.0,True,True
20250905T123000,2025-09-05 12:30:00,Non-Farm Payrolls | Unemployment Rate,nonfarm_payrolls,labor,negative,market_positive,bullish,16.0,0.0676018252492817,bullish,True,2025-09-05,2025-09-05 12:30:00,Non-Farm Payrolls | Unemployment Rate,nonfarm_payrolls,labor,negative,market_positive,bullish,16.0,0.0676018252492817,bullish,True,2025-09-05,0.0,0.0,True,True
20250923T134500,2025-09-23 13:45:00,S&P Global Comp PMI Flash,ism_pmi,growth,negative,market_negative,bearish,-175.75,-0.7029156501219854,bearish,True,2025-09-23,2025-09-23 13:45:00,S&P Global Comp PMI Flash,ism_pmi,growth,negative,market_negative,bearish,-175.75,-0.7029156501219854,bearish,True,2025-09-23,0.0,0.0,True,True
20250925T123000,2025-09-25 12:30:00,GDP Cons Spending Final | GDP Final | Initial Jobless Clm,jobless_claims,labor,mixed,market_positive,bullish,-110.0,-0.4446375698535727,bearish,False,2025-09-25,2025-09-25 12:30:00,GDP Cons Spending Final | GDP Final | Initial Jobless Clm,jobless_claims,labor,mixed,market_positive,bullish,-110.0,-0.4446375698535727,bearish,False,2025-09-25,0.0,0.0,True,True
20250925T140000,2025-09-25 14:00:00,Existing Home Sales,home_sales,growth,positive,market_positive,bullish,-110.0,-0.4446375698535727,bearish,False,2025-09-25,2025-09-25 14:00:00,Existing Home Sales,home_sales,growth,positive,market_positive,bullish,-110.0,-0.4446375698535727,bearish,False,2025-09-25,0.0,0.0,True,True
20250930T140000,2025-09-30 14:00:00,JOLTS Job Openings,jolts_job_openings,labor,positive,market_negative,bearish,64.0,0.2576722931827561,bullish,False,2025-09-30,2025-09-30 14:00:00,JOLTS Job Openings,jolts_job_openings,labor,positive,market_negative,bearish,64.0,0.2576722931827561,bullish,False,2025-09-30,0.0,0.0,True,True
20251001T121500,2025-10-01 12:15:00,ADP National Employment,adp_employment,labor,negative,market_positive,bullish,115.75,0.4648267692029676,bullish,True,2025-10-01,2025-10-01 12:15:00,ADP National Employment,adp_employment,labor,negative,market_positive,bullish,115.75,0.4648267692029676,bullish,True,2025-10-01,0.0,0.0,True,True
20251001T140000,2025-10-01 14:00:00,ISM Manufacturing PMI,ism_pmi,growth,positive,market_positive,bullish,115.75,0.4648267692029676,bullish,True,2025-10-01,2025-10-01 14:00:00,ISM Manufacturing PMI,ism_pmi,growth,positive,market_positive,bullish,115.75,0.4648267692029676,bullish,True,2025-10-01,0.0,0.0,True,True
20251002T123000,2025-10-02 12:30:00,Initial Jobless Clm,jobless_claims,labor,positive,market_negative,bearish,92.5,0.3697411811731788,bullish,False,2025-10-02,2025-10-02 12:30:00,Initial Jobless Clm,jobless_claims,labor,positive,market_negative,bearish,92.5,0.3697411811731788,bullish,False,2025-10-02,0.0,0.0,True,True
20251003T123000,2025-10-03 12:30:00,Non-Farm Payrolls | Unemployment Rate,nonfarm_payrolls,labor,positive,market_negative,bearish,-118.0,-0.4699322978892871,bearish,True,2025-10-03,2025-10-03 12:30:00,Non-Farm Payrolls | Unemployment Rate,nonfarm_payrolls,labor,positive,market_negative,bearish,-118.0,-0.4699322978892871,bearish,True,2025-10-03,0.0,0.0,True,True
20251003T134500,2025-10-03 13:45:00,S&P Global Comp PMI Final,ism_pmi,growth,negative,market_negative,bearish,-118.0,-0.4699322978892871,bearish,True,2025-10-03,2025-10-03 13:45:00,S&P Global Comp PMI Final,ism_pmi,growth,negative,market_negative,bearish,-118.0,-0.4699322978892871,bearish,True,2025-10-03,0.0,0.0,True,True
20251003T140000,2025-10-03 14:00:00,ISM N-Mfg PMI,ism_pmi,growth,negative,market_negative,bearish,-118.0,-0.4699322978892871,bearish,True,2025-10-03,2025-10-03 14:00:00,ISM N-Mfg PMI,ism_pmi,growth,negative,market_negative,bearish,-118.0,-0.4699322978892871,bearish,True,2025-10-03,0.0,0.0,True,True
20251009T123000,2025-10-09 12:30:00,Initial Jobless Clm,jobless_claims,labor,flat,market_neutral,mixed,-41.75,-0.1648178121669101,bearish,False,2025-10-09,2025-10-09 12:30:00,Initial Jobless Clm,jobless_claims,labor,flat,market_neutral,mixed,-41.75,-0.1648178121669101,bearish,False,2025-10-09,0.0,0.0,True,True
20251013T003000,2025-10-13 00:30:00,Non-Farm Payrolls | Unemployment Rate,nonfarm_payrolls,labor,positive,market_negative,bearish,525.25,2.1529286387670616,bullish,False,2025-10-13,2025-10-13 00:30:00,Non-Farm Payrolls | Unemployment Rate,nonfarm_payrolls,labor,positive,market_negative,bearish,525.25,2.1529286387670616,bullish,False,2025-10-13,0.0,0.0,True,True
20251017T123000,2025-10-17 12:30:00,Building Permits: Number,other,other,positive,market_neutral,mixed,155.25,0.62522023659703,bullish,False,2025-10-17,2025-10-17 12:30:00,Building Permits: Number,other,other,positive,market_neutral,mixed,155.25,0.62522023659703,bullish,False,2025-10-17,0.0,0.0,True,True
20251020T123000,2025-10-20 12:30:00,Initial Jobless Clm,jobless_claims,labor,flat,market_neutral,mixed,318.75,1.275688871990875,bullish,False,2025-10-20,2025-10-20 12:30:00,Initial Jobless Clm,jobless_claims,labor,flat,market_neutral,mixed,318.75,1.275688871990875,bullish,False,2025-10-20,0.0,0.0,True,True
20251021T123000,2025-10-21 12:30:00,Non-Farm Payrolls | Unemployment Rate,nonfarm_payrolls,labor,positive,market_negative,bearish,-10.5,-0.0414933660011262,bearish,True,2025-10-21,2025-10-21 12:30:00,Non-Farm Payrolls | Unemployment Rate,nonfarm_payrolls,labor,positive,market_negative,bearish,-10.5,-0.0414933660011262,bearish,True,2025-10-21,0.0,0.0,True,True
20251023T140000,2025-10-23 14:00:00,Existing Home Sales,home_sales,growth,flat,market_neutral,mixed,214.75,0.8576534840300729,bullish,False,2025-10-23,2025-10-23 14:00:00,Existing Home Sales,home_sales,growth,flat,market_neutral,mixed,214.75,0.8576534840300729,bullish,False,2025-10-23,0.0,0.0,True,True
20251024T123000,2025-10-24 12:30:00,"CPI MM, SA | CPI YY, NSA | Core CPI MM, SA | Core CPI YY, NSA",core_cpi,inflation,negative,market_positive,bullish,255.25,1.010730973311159,bullish,True,2025-10-24,2025-10-24 12:30:00,"CPI MM, SA | CPI YY, NSA | Core CPI MM, SA | Core CPI YY, NSA",core_cpi,inflation,negative,market_positive,bullish,255.25,1.010730973311159,bullish,True,2025-10-24,0.0,0.0,True,True
20251024T134500,2025-10-24 13:45:00,S&P Global Comp PMI Flash,ism_pmi,growth,positive,market_positive,bullish,255.25,1.010730973311159,bullish,True,2025-10-24,2025-10-24 13:45:00,S&P Global Comp PMI Flash,ism_pmi,growth,positive,market_positive,bullish,255.25,1.010730973311159,bullish,True,2025-10-24,0.0,0.0,True,True
20251024T140000,2025-10-24 14:00:00,Building Permits: Number,other,other,positive,market_neutral,mixed,255.25,1.010730973311159,bullish,False,2025-10-24,2025-10-24 14:00:00,Building Permits: Number,other,other,positive,market_neutral,mixed,255.25,1.010730973311159,bullish,False,2025-10-24,0.0,0.0,True,True
20251027T123000,2025-10-27 12:30:00,Retail Sales MM,retail_sales,growth,negative,market_negative,bearish,454.5,1.78170663582818,bullish,False,2025-10-27,2025-10-27 12:30:00,Retail Sales MM,retail_sales,growth,negative,market_negative,bearish,454.5,1.78170663582818,bullish,False,2025-10-27,0.0,0.0,True,True
20251029T140000,2025-10-29 14:00:00,Non-Farm Payrolls | Unemployment Rate,nonfarm_payrolls,labor,positive,market_negative,bearish,99.0,0.3783897414336766,bullish,False,2025-10-29,2025-10-29 14:00:00,Non-Farm Payrolls | Unemployment Rate,nonfarm_payrolls,labor,positive,market_negative,bearish,99.0,0.3783897414336766,bullish,False,2025-10-29,0.0,0.0,True,True
20251029T180000,2025-10-29 18:00:00,Fed Funds Tgt Rate,fomc_rates,central_bank,flat,market_neutral,mixed,99.0,0.3783897414336766,bullish,False,2025-10-29,2025-10-29 18:00:00,Fed Funds Tgt Rate,fomc_rates,central_bank,flat,market_neutral,mixed,99.0,0.3783897414336766,bullish,False,2025-10-29,0.0,0.0,True,True
20251030T123000,2025-10-30 12:30:00,Initial Jobless Clm,jobless_claims,labor,flat,market_neutral,mixed,-379.75,-1.4459781056639696,bearish,False,2025-10-30,2025-10-30 12:30:00,Initial Jobless Clm,jobless_claims,labor,flat,market_neutral,mixed,-379.75,-1.4459781056639696,bearish,False,2025-10-30,0.0,0.0,True,True
20251103T150000,2025-11-03 15:00:00,ISM Manufacturing PMI,ism_pmi,growth,positive,market_positive,bullish,99.25,0.3816720504537763,bullish,True,2025-11-03,2025-11-03 15:00:00,ISM Manufacturing PMI,ism_pmi,growth,positive,market_positive,bullish,99.25,0.3816720504537763,bullish,True,2025-11-03,0.0,0.0,True,True
20251104T133000,2025-11-04 13:30:00,Building Permits: Number | Retail Sales MM,retail_sales,growth,mixed,market_negative,bearish,-528.0,-2.022736632411673,bearish,True,2025-11-04,2025-11-04 13:30:00,Building Permits: Number | Retail Sales MM,retail_sales,growth,mixed,market_negative,bearish,-528.0,-2.022736632411673,bearish,True,2025-11-04,0.0,0.0,True,True
20251104T150000,2025-11-04 15:00:00,JOLTS Job Openings,jolts_job_openings,labor,negative,market_positive,bullish,-528.0,-2.022736632411673,bearish,False,2025-11-04,2025-11-04 15:00:00,JOLTS Job Openings,jolts_job_openings,labor,negative,market_positive,bullish,-528.0,-2.022736632411673,bearish,False,2025-11-04,0.0,0.0,True,True
20251105T131500,2025-11-05 13:15:00,ADP National Employment,adp_employment,labor,positive,market_negative,bearish,171.0,0.66861516505215,bullish,False,2025-11-05,2025-11-05 13:15:00,ADP National Employment,adp_employment,labor,positive,market_negative,bearish,171.0,0.66861516505215,bullish,False,2025-11-05,0.0,0.0,True,True
20251105T144500,2025-11-05 14:45:00,S&P Global Comp PMI Final,ism_pmi,growth,flat,market_neutral,mixed,171.0,0.66861516505215,bullish,False,2025-11-05,2025-11-05 14:45:00,S&P Global Comp PMI Final,ism_pmi,growth,flat,market_neutral,mixed,171.0,0.66861516505215,bullish,False,2025-11-05,0.0,0.0,True,True
20251105T150000,2025-11-05 15:00:00,ISM N-Mfg PMI,ism_pmi,growth,positive,market_positive,bullish,171.0,0.66861516505215,bullish,True,2025-11-05,2025-11-05 15:00:00,ISM N-Mfg PMI,ism_pmi,growth,positive,market_positive,bullish,171.0,0.66861516505215,bullish,True,2025-11-05,0.0,0.0,True,True
20251106T133000,2025-11-06 13:30:00,Initial Jobless Clm *,jobless_claims,labor,flat,market_neutral,mixed,-502.0,-1.9497985143467491,bearish,False,2025-11-06,2025-11-06 13:30:00,Initial Jobless Clm *,jobless_claims,labor,flat,market_neutral,mixed,-502.0,-1.9497985143467491,bearish,False,2025-11-06,0.0,0.0,True,True
20251107T133000,2025-11-07 13:30:00,Non-Farm Payrolls | Unemployment Rate,nonfarm_payrolls,labor,positive,market_negative,bearish,-78.0,-0.3089812531566595,bearish,True,2025-11-07,2025-11-07 13:30:00,Non-Farm Payrolls | Unemployment Rate,nonfarm_payrolls,labor,positive,market_negative,bearish,-78.0,-0.3089812531566595,bearish,True,2025-11-07,0.0,0.0,True,True
20251204T133000,2025-12-04 13:30:00,Initial Jobless Clm *,jobless_claims,labor,negative,market_positive,bullish,-34.75,-0.135437981097145,bearish,False,2025-12-04,2025-12-04 13:30:00,Initial Jobless Clm *,jobless_claims,labor,negative,market_positive,bullish,-34.75,-0.135437981097145,bearish,False,2025-12-04,0.0,0.0,True,True
20251209T140000,2025-12-09 14:00:00,JOLTS Job Openings,jolts_job_openings,labor,positive,market_negative,bearish,35.75,0.1393001870324189,bullish,False,2025-12-09,2025-12-09 14:00:00,JOLTS Job Openings,jolts_job_openings,labor,positive,market_negative,bearish,35.75,0.1393001870324189,bullish,False,2025-12-09,0.0,0.0,True,True
20251224T133000,2025-12-24 13:30:00,Initial Jobless Clm *,jobless_claims,labor,negative,market_positive,bullish,68.25,0.2644093405263005,bullish,True,2025-12-24,2025-12-24 13:30:00,Initial Jobless Clm *,jobless_claims,labor,negative,market_positive,bullish,68.25,0.2644093405263005,bullish,True,2025-12-24,0.0,0.0,True,True
20251231T133000,2025-12-31 13:30:00,Initial Jobless Clm *,jobless_claims,labor,negative,market_positive,bullish,-218.5,-0.8510141089181215,bearish,False,2025-12-31,2025-12-31 13:30:00,Initial Jobless Clm *,jobless_claims,labor,negative,market_positive,bullish,-218.5,-0.8510141089181215,bearish,False,2025-12-31,0.0,0.0,True,True
